offer_id,customer_age,monthly_income_inr,bank_tenure_years,dependents,monthly_spend_inr,life_cover_existing_inr,savings_balance_inr,products_held,last_offer_response_score,home_owner,marital_status,occupation_group,contact_channel,policy_type,risk_appetite,branch_visits_6m,app_sessions_30d,recent_life_event,accepted_offer
06000001,21,1502667,15,2,41169,2729582,891311,6,21,No,Other,Business,Email,Life,Medium,0,37,No,1
06000002,48,1916339,17,0,115364,3332411,535931,3,95,Yes,Married,Salaried,App,Accident,Low,12,14,No,1
06000003,36,1316495,1,5,67009,238796,278321,3,31,No,Single,Salaried,App,Health,Medium,11,20,Yes,0
06000004,22,426938,11,1,95060,1486382,845495,5,87,Yes,Married,Salaried,App,Accident,Medium,12,52,No,1
06000005,59,1952547,13,3,135107,1519338,940711,2,78,No,Married,Salaried,Phone,Life,High,0,23,No,0
06000006,27,2770415,19,0,47724,713,39217,3,91,No,Other,Salaried,Phone,Life,Low,3,32,No,1
06000007,38,724517,17,3,90371,4439521,415248,4,25,Yes,Married,Professional,Email,Life,High,4,4,Yes,1
06000008,61,1980938,23,3,158058,475259,896815,3,84,Yes,Other,Professional,App,Accident,High,1,45,Yes,1
06000009,65,2362806,2,0,130307,2557017,269600,2,38,No,Married,Business,App,Accident,Medium,0,40,Yes,0
06000010,58,2357301,4,5,152641,1043188,831470,1,67,No,Married,Professional,Phone,Health,Medium,9,49,No,1
06000011,54,2982859,1,1,77437,417307,1068135,6,25,Yes,Single,Business,App,Accident,Medium,3,22,Yes,1
06000012,23,1680817,16,0,51465,1457170,605481,3,60,Yes,Other,Professional,Phone,Accident,Medium,12,4,No,0
06000013,37,1272721,21,0,86507,1281738,403414,2,72,No,Married,Salaried,Phone,Life,Medium,11,48,No,0
06000014,38,1460201,21,2,21031,4228442,133394,3,41,No,Married,Professional,App,Accident,Medium,3,3,No,0
06000015,43,567653,15,0,74765,545361,638665,4,64,Yes,Married,Salaried,Phone,Health,High,5,55,Yes,0
06000016,64,1669549,18,1,174308,2687957,247368,5,75,Yes,Single,Professional,Phone,Life,Medium,11,22,Yes,0
06000017,69,515384,17,5,16395,3042588,839508,6,49,No,Single,Professional,Phone,Accident,High,11,27,No,0
06000018,34,1226559,8,0,149640,2559843,137543,3,88,No,Married,Business,App,Life,High,10,14,Yes,1
06000019,38,258713,19,2,68127,4372252,515061,6,47,No,Single,Business,Phone,Health,Medium,2,43,Yes,1
06000020,37,1013088,17,1,74149,943065,536187,3,70,No,Other,Business,App,Life,Low,6,1,No,0
06000021,66,529689,9,3,137506,4391011,443594,3,74,No,Married,Business,Email,Life,High,12,53,Yes,1
06000022,58,1412925,18,0,29573,4172720,305111,3,30,No,Single,Business,Phone,Health,Low,0,55,Yes,0
06000023,57,1246740,11,5,163318,2417190,363950,6,52,No,Married,Salaried,Phone,Accident,Medium,3,9,Yes,1
06000024,63,1239985,23,0,104101,2496314,98203,4,87,Yes,Other,Professional,Phone,Health,Medium,3,51,Yes,0
06000025,63,733719,1,3,8118,154239,511715,2,89,Yes,Married,Salaried,Email,Health,High,5,47,Yes,0
06000026,47,1320930,11,0,143382,13945,1114838,6,36,Yes,Married,Professional,Phone,Accident,High,5,40,Yes,0
06000027,39,1312574,25,5,48348,3403523,170130,2,78,No,Other,Salaried,App,Health,High,10,23,Yes,0
06000028,58,800373,23,4,5976,4229348,414930,1,22,Yes,Married,Professional,Phone,Life,High,10,37,Yes,0
06000029,42,414410,18,3,137489,1529288,431928,1,33,Yes,Other,Salaried,Email,Health,Low,2,46,No,1
06000030,40,461592,15,1,95105,3418028,759406,6,38,No,Married,Salaried,Email,Health,High,3,6,No,1
06000031,45,607303,20,2,29099,4216780,255129,2,74,Yes,Single,Professional,Email,Health,Low,6,15,No,0
06000032,68,951500,20,0,144153,956452,985767,6,95,No,Other,Professional,Phone,Accident,Medium,12,32,No,1
06000033,68,1437271,24,3,34043,3282205,525041,3,77,No,Single,Professional,Email,Accident,High,5,40,Yes,0
06000034,39,1971052,4,3,51850,61176,1184672,4,62,No,Married,Salaried,Email,Accident,Medium,6,52,Yes,1
06000035,33,336483,2,2,9325,3055287,1149147,6,76,Yes,Single,Salaried,Phone,Life,High,1,45,Yes,1
06000036,67,715770,10,2,7286,4236322,108435,3,33,Yes,Married,Business,Email,Accident,High,0,22,No,1
06000037,53,1761191,24,4,178699,3510397,532613,4,77,No,Single,Professional,App,Health,High,2,6,No,1
06000038,64,1310065,8,4,10556,2954737,1173903,5,50,No,Married,Salaried,Email,Health,High,5,34,Yes,1
06000039,36,1652464,16,1,111690,4026854,342276,4,27,No,Single,Professional,App,Accident,Medium,2,47,Yes,1
06000040,62,303282,23,4,104966,2928228,1128423,6,85,Yes,Other,Professional,Email,Health,Low,10,54,No,1
06000041,69,1465461,21,5,28107,3307732,17345,3,83,Yes,Other,Business,Phone,Life,Medium,12,10,No,0
06000042,59,1207964,20,4,176654,123697,247883,6,33,Yes,Single,Business,Phone,Life,Medium,3,12,Yes,1
06000043,43,520091,1,3,99360,1911523,448147,6,88,No,Married,Business,Email,Life,Low,11,1,No,0
06000044,30,2299093,24,4,41520,673972,803650,6,80,No,Other,Salaried,Email,Accident,Medium,0,26,Yes,1
06000045,66,2526890,17,1,105672,743831,368868,6,54,No,Other,Salaried,Email,Accident,Low,7,14,Yes,1
06000046,61,417494,12,1,8788,3820100,521176,5,83,Yes,Married,Business,Email,Accident,Medium,4,22,Yes,1
06000047,56,954660,16,4,73910,20371,1147263,1,34,Yes,Married,Salaried,App,Life,Low,0,32,No,0
06000048,67,2700402,1,0,95319,2958696,1188926,1,33,Yes,Single,Professional,Phone,Life,High,11,42,No,0
06000049,33,833398,11,4,177414,151227,934417,1,45,No,Single,Professional,Phone,Life,Low,8,9,No,0
06000050,48,943379,6,5,132929,3655394,1019918,6,53,Yes,Other,Salaried,Email,Accident,Low,9,35,Yes,1
06000051,41,1413065,23,1,111748,4481461,807268,5,51,Yes,Other,Business,App,Accident,Medium,5,0,No,1
06000052,50,2881661,6,4,50568,2519726,497002,3,37,Yes,Other,Business,App,Accident,Medium,7,28,Yes,0
06000053,32,554895,19,1,17613,3678048,645933,2,34,Yes,Married,Salaried,Email,Accident,Medium,2,2,Yes,1
06000054,43,2041147,12,2,121546,3402218,666506,1,88,Yes,Single,Salaried,Email,Accident,High,10,35,Yes,0
06000055,42,2767537,2,2,59155,1733557,188699,6,62,Yes,Married,Business,Phone,Life,High,0,17,No,1
06000056,46,893221,6,0,48565,40657,632676,3,69,No,Married,Business,Phone,Health,Low,5,26,No,1
06000057,58,1615635,14,5,29946,668290,450148,5,92,No,Single,Professional,Phone,Health,High,6,9,Yes,1
06000058,51,344129,24,1,155343,1804685,1016656,4,56,Yes,Married,Professional,Phone,Life,Low,10,54,Yes,1
06000059,64,2812072,17,3,61687,4331181,797384,1,21,Yes,Single,Salaried,Email,Life,Low,2,7,No,0
06000060,44,2381071,11,3,11426,850031,1131721,3,62,Yes,Other,Professional,Email,Health,Low,4,4,Yes,0
06000061,47,380534,24,4,50576,1575995,920012,5,81,Yes,Other,Business,Phone,Life,High,10,35,No,1
06000062,69,2965512,21,3,40817,1776253,964490,2,36,Yes,Single,Professional,Email,Life,Medium,6,2,No,1
06000063,54,2191858,9,0,132265,1152516,613476,1,32,No,Married,Salaried,Phone,Health,High,7,8,No,0
06000064,44,2407665,14,3,7585,3368233,512707,5,88,Yes,Single,Business,Email,Health,High,9,36,Yes,1
06000065,32,786456,16,4,124511,4094390,551208,4,95,Yes,Married,Professional,App,Health,Low,9,0,No,1
06000066,67,538098,23,5,178876,1473740,308420,6,74,No,Married,Professional,App,Accident,Medium,10,48,Yes,1
06000067,56,2509050,20,5,128426,2444703,12047,4,55,Yes,Single,Professional,Email,Life,Low,8,1,Yes,1
06000068,53,725338,4,2,57142,2839605,192358,5,77,Yes,Married,Professional,App,Life,Medium,6,17,Yes,1
06000069,29,2839858,23,2,99043,2832431,487157,3,77,Yes,Married,Business,Phone,Health,High,3,54,Yes,0
06000070,55,341629,2,3,56720,1833237,278626,2,86,Yes,Married,Professional,App,Accident,Medium,1,28,Yes,1
06000071,64,781442,2,0,56334,334588,149511,3,80,Yes,Other,Salaried,Phone,Accident,Medium,8,33,Yes,1
06000072,38,801645,14,0,150967,2153237,189494,4,39,No,Married,Business,Email,Health,Low,4,33,No,0
06000073,23,883867,24,1,115607,4416777,196250,5,51,No,Single,Salaried,Email,Life,Medium,8,35,Yes,0
06000074,32,1329634,21,0,148090,2008522,1055256,4,73,No,Married,Salaried,Email,Life,Medium,11,11,No,0
06000075,61,1236355,3,3,120582,4111629,948081,5,73,Yes,Single,Professional,Email,Life,Low,11,39,No,0
06000076,24,752777,14,2,55305,1918569,986335,1,77,No,Other,Professional,Phone,Life,Medium,12,31,No,0
06000077,64,2362922,24,5,96945,2358219,818406,2,26,Yes,Married,Business,Phone,Accident,Medium,6,50,Yes,0
06000078,49,1180820,12,3,123824,2816702,747723,6,51,Yes,Other,Professional,Phone,Accident,High,0,54,No,1
06000079,46,459003,14,3,79267,2336987,119967,1,44,Yes,Single,Salaried,Email,Accident,Medium,5,0,Yes,0
06000080,37,547112,8,2,7744,1688325,669414,3,32,Yes,Other,Business,App,Health,Medium,6,14,No,0
06000081,21,1926658,5,5,80387,3012161,584476,4,38,Yes,Other,Salaried,App,Life,Low,3,10,Yes,1
06000082,49,2314496,21,2,66556,3461332,1070019,1,40,Yes,Married,Professional,App,Accident,High,1,48,No,0
06000083,61,1564952,18,4,51539,1167336,219688,5,23,No,Married,Business,App,Accident,Low,10,46,Yes,1
06000084,21,2898443,10,3,102103,2780416,1044040,5,57,Yes,Married,Salaried,App,Life,Medium,2,25,No,0
06000085,39,1649490,16,4,83009,3722110,858766,1,22,No,Married,Salaried,Email,Life,Low,8,12,Yes,0
06000086,59,495391,14,3,113448,610380,609087,4,71,Yes,Single,Salaried,App,Accident,High,10,3,No,1
06000087,28,2944811,3,1,10917,1737220,992146,1,94,No,Single,Salaried,Email,Health,High,12,44,Yes,1
06000088,68,2076206,12,4,80916,666475,1071001,6,28,No,Married,Business,App,Life,High,5,51,No,0
06000089,44,2986513,9,2,89145,2868626,915934,2,84,Yes,Other,Professional,App,Health,Medium,4,43,Yes,1
06000090,56,2256490,19,0,5015,619490,958887,5,95,Yes,Other,Salaried,Phone,Health,Low,0,46,Yes,1
06000091,26,1335110,23,3,7576,2087680,638457,3,93,No,Married,Salaried,App,Accident,High,10,54,No,0
06000092,41,1683769,13,4,124984,714951,325956,3,77,Yes,Married,Professional,Phone,Health,High,3,34,Yes,1
06000093,41,608618,13,1,168803,2383512,797966,3,21,Yes,Other,Salaried,Phone,Accident,Low,8,13,No,0
06000094,43,948602,18,0,168690,522435,959441,4,27,Yes,Other,Professional,Email,Life,Medium,12,21,No,0
06000095,41,1786149,16,0,156772,526288,1105245,6,81,No,Single,Business,App,Accident,High,8,35,No,1
06000096,59,2883975,16,2,55518,1497410,1127754,5,46,Yes,Married,Professional,Email,Health,Medium,10,22,Yes,1
06000097,35,305142,3,4,74188,3266185,206747,5,59,Yes,Single,Professional,App,Life,Low,0,16,No,0
06000098,64,869022,25,4,48014,2199658,385771,1,30,Yes,Single,Professional,Phone,Accident,Low,9,7,No,0
06000099,54,1753277,19,3,65379,4417991,477689,6,71,No,Other,Business,Phone,Accident,High,0,55,Yes,1
06000100,49,1295641,11,3,24329,3850372,1102348,2,75,Yes,Other,Salaried,Email,Accident,High,8,34,No,1
06000101,42,1951010,11,2,34574,1605776,1095990,5,70,Yes,Married,Salaried,Email,Accident,Low,10,51,Yes,1
06000102,50,2776340,11,0,60033,1416327,431191,5,46,No,Other,Business,Phone,Health,Medium,6,25,No,0
06000103,23,1147798,14,0,155258,2579706,275569,3,24,Yes,Single,Professional,Phone,Life,High,9,33,Yes,1
06000104,51,692562,1,3,85695,1455242,430041,1,83,Yes,Single,Professional,Email,Health,High,4,37,No,0
06000105,23,2556188,4,1,147605,432884,523036,3,28,Yes,Married,Salaried,Phone,Health,Low,5,21,No,0
06000106,57,2541024,12,5,167651,1921509,152756,5,48,Yes,Single,Business,App,Accident,Medium,9,38,Yes,0
06000107,46,584587,0,3,175971,766858,490491,1,83,Yes,Single,Professional,Email,Accident,Medium,4,3,No,0
06000108,57,1761790,3,4,105010,935241,893731,3,50,Yes,Single,Professional,Email,Health,Medium,7,50,No,1
06000109,23,1556314,18,3,6468,1297394,731539,3,75,Yes,Other,Salaried,App,Health,High,11,46,No,1
06000110,51,2165656,3,4,58939,163896,866532,3,84,No,Married,Professional,Email,Life,Medium,8,22,No,0
06000111,33,705709,20,5,90860,4201073,1141874,4,35,Yes,Married,Salaried,Email,Accident,High,10,15,Yes,0
06000112,57,2987612,10,3,158233,2592766,242897,5,68,Yes,Other,Business,Email,Accident,High,11,18,Yes,1
06000113,52,1242942,18,0,51095,2066766,750524,4,77,Yes,Other,Salaried,Phone,Life,High,6,32,Yes,1
06000114,35,2544488,11,0,67788,4293361,11352,5,65,No,Other,Professional,Phone,Health,Low,7,5,No,0
06000115,55,2796742,14,3,146585,794548,1041365,2,95,Yes,Other,Business,Phone,Health,Low,10,5,No,0
06000116,25,420401,18,0,100398,2844904,52646,5,44,No,Married,Business,App,Life,High,7,29,Yes,1
06000117,30,816780,9,0,156381,116339,607021,3,66,No,Married,Professional,App,Accident,Medium,5,38,No,0
06000118,58,2754996,8,1,178138,2771943,1024414,5,69,Yes,Single,Business,Phone,Life,Medium,5,35,No,1
06000119,55,1015960,22,2,35459,2900513,374088,3,92,Yes,Single,Business,Email,Accident,High,10,25,Yes,1
06000120,60,388277,11,3,122690,3784111,751643,2,78,No,Other,Business,Email,Accident,Low,8,42,Yes,1
06000121,27,2554405,7,1,132285,2164246,325944,5,63,No,Married,Professional,Email,Life,High,5,14,Yes,1
06000122,66,2725103,19,0,67786,2268444,197457,3,22,Yes,Single,Business,Email,Health,Medium,5,30,Yes,0
06000123,40,1345874,23,3,134720,2683469,209047,2,47,Yes,Other,Business,App,Health,Medium,8,15,No,1
06000124,23,306863,5,1,94379,1207307,229686,3,29,No,Married,Salaried,Email,Accident,High,0,39,Yes,0
06000125,24,567854,6,4,155437,2905108,903312,4,22,Yes,Married,Business,App,Life,Medium,11,43,No,0
06000126,29,784564,22,2,88380,1265218,584770,5,48,Yes,Single,Business,Email,Accident,High,8,44,No,0
06000127,51,2150483,18,3,128398,4196213,1100522,6,45,No,Other,Business,Phone,Accident,Medium,11,30,No,0
06000128,42,1353589,16,1,133039,945725,192181,1,31,No,Married,Business,Email,Life,Low,5,4,Yes,0
06000129,47,1737472,5,0,144375,1124874,242142,5,91,Yes,Other,Salaried,App,Health,Low,4,2,No,1
06000130,41,1632925,20,0,9778,721970,1193882,3,26,No,Married,Professional,Phone,Health,Low,2,47,No,0
06000131,40,2670031,19,4,55584,4334568,1060803,4,73,No,Other,Salaried,Phone,Health,Low,2,24,Yes,1
06000132,45,1433098,21,1,34181,421998,251075,1,59,Yes,Single,Salaried,Phone,Life,Low,10,7,No,0
06000133,45,254468,13,3,125796,1073227,394081,6,92,Yes,Single,Business,Phone,Life,High,9,36,No,1
06000134,54,2512839,3,3,147810,107520,945109,2,42,Yes,Married,Professional,Email,Health,Low,11,14,No,0
06000135,26,462628,19,2,170073,3875855,345405,3,89,No,Other,Salaried,App,Accident,High,0,17,No,1
06000136,25,1408691,0,4,98690,4171303,915489,2,64,No,Married,Salaried,Email,Life,Medium,0,9,No,0
06000137,36,1729937,17,0,5268,312377,768223,3,43,Yes,Other,Salaried,Phone,Accident,Medium,2,45,Yes,1
06000138,27,1759747,15,3,103384,3401926,413249,4,93,No,Single,Business,Phone,Health,Low,11,49,No,1
06000139,25,328002,7,3,50719,3076626,1098050,5,88,Yes,Married,Professional,Phone,Health,Medium,8,1,Yes,1
06000140,35,713266,16,3,114678,1013358,39030,3,32,Yes,Single,Professional,Email,Accident,Medium,7,34,No,0
06000141,62,2279514,1,4,148236,1599465,401249,6,69,No,Married,Business,Phone,Life,Low,5,31,No,1
06000142,68,1639115,3,3,46003,1594225,811787,2,63,No,Other,Business,Phone,Health,Medium,9,20,No,0
06000143,55,526177,13,2,138482,4126251,1090984,3,74,Yes,Single,Professional,Phone,Health,High,5,15,Yes,1
06000144,53,492060,7,5,55963,3626823,103536,6,55,No,Other,Salaried,Email,Health,Medium,10,9,Yes,1
06000145,39,1266008,18,5,81942,747450,322419,5,66,No,Other,Professional,App,Life,Medium,5,53,No,1
06000146,49,2865262,17,4,69060,3017667,1097827,2,34,Yes,Single,Professional,Email,Life,High,11,55,No,1
06000147,51,879613,6,2,60218,3010091,835838,5,84,Yes,Other,Salaried,App,Health,Medium,3,29,Yes,1
06000148,24,2930770,25,4,95296,2963054,651636,5,37,Yes,Single,Professional,Phone,Accident,High,0,2,Yes,0
06000149,47,1208219,1,0,110602,1804818,180351,5,55,No,Single,Salaried,Phone,Life,Medium,4,30,Yes,0
06000150,57,352992,19,5,18184,1002146,769628,2,95,No,Married,Business,Email,Health,Low,12,22,No,1
06000151,61,2114930,24,4,23683,557530,765859,2,52,Yes,Single,Professional,Phone,Health,Low,0,46,Yes,0
06000152,27,1240884,16,4,41866,1325248,1055358,4,79,Yes,Other,Professional,App,Life,Medium,0,1,No,0
06000153,39,372374,14,5,88274,230323,180938,2,39,No,Single,Professional,Email,Life,Medium,9,26,No,1
06000154,67,1200843,5,3,77655,2245105,744180,3,82,No,Married,Business,Email,Accident,High,12,3,Yes,0
06000155,55,1680056,6,4,11466,520329,605528,3,72,Yes,Married,Salaried,App,Life,Medium,4,24,Yes,1
06000156,47,2319859,2,2,78474,1207244,809203,2,54,Yes,Other,Business,Email,Accident,Low,3,20,Yes,0
06000157,45,488859,20,0,113613,2203591,615511,1,58,No,Married,Professional,App,Life,High,3,19,No,0
06000158,25,1802733,4,1,109296,3750603,857763,5,71,No,Other,Salaried,App,Health,High,12,13,Yes,0
06000159,45,2469440,22,3,148242,4354911,907825,5,48,Yes,Married,Professional,Email,Life,Medium,3,26,No,1
06000160,26,509268,18,3,123193,4332801,482676,1,38,No,Single,Business,Email,Life,Medium,8,41,Yes,1
06000161,34,1526396,21,5,135296,2072968,1113368,4,32,Yes,Married,Professional,App,Health,High,7,28,Yes,1
06000162,32,1650115,7,3,140527,3711321,771844,5,61,Yes,Married,Business,Email,Life,High,3,33,No,0
06000163,25,706510,14,5,161236,3155682,554786,3,89,Yes,Married,Salaried,Email,Accident,High,1,38,No,1
06000164,32,1485753,23,2,167759,1696126,265829,4,48,Yes,Other,Salaried,Email,Health,High,0,29,No,1
06000165,40,2324041,25,2,103569,2151797,781591,3,87,No,Single,Salaried,App,Life,Low,5,41,Yes,1
06000166,29,2295469,23,0,91095,41406,569813,4,27,Yes,Single,Business,App,Life,High,10,0,Yes,1
06000167,36,1408261,23,3,159208,2368100,327654,1,39,Yes,Single,Salaried,Phone,Accident,Low,12,32,No,0
06000168,25,960727,11,4,143659,3383024,712128,2,61,No,Single,Professional,App,Health,High,11,26,Yes,1
06000169,33,1744474,1,4,16902,440072,39815,4,93,No,Other,Salaried,App,Health,Medium,10,10,No,0
06000170,43,911858,1,2,22779,4293627,500785,1,75,Yes,Other,Salaried,App,Life,Medium,11,20,Yes,0
06000171,30,786765,7,0,114329,662445,167646,2,31,Yes,Other,Business,Phone,Life,High,1,48,Yes,0
06000172,27,1002801,7,1,84107,4126812,195618,4,81,Yes,Other,Salaried,Phone,Health,Low,3,46,Yes,0
06000173,66,2488340,9,0,40634,3877661,262583,1,65,No,Married,Salaried,Phone,Health,Medium,8,40,No,0
06000174,22,498953,5,0,11829,679986,1143871,6,72,No,Other,Salaried,App,Life,Low,6,36,No,1
06000175,24,748574,13,2,158972,902476,802204,4,49,No,Single,Professional,Email,Life,Low,12,23,Yes,1
06000176,47,928002,13,5,69727,3920809,1107464,1,29,No,Single,Professional,Phone,Life,Medium,12,32,Yes,0
06000177,67,2232352,20,0,148246,3734362,936626,2,91,Yes,Single,Salaried,Email,Health,Medium,4,26,Yes,1
06000178,57,744959,5,0,68276,3177280,691821,2,81,Yes,Single,Salaried,Email,Life,Medium,8,6,Yes,0
06000179,50,1165399,0,4,25495,444890,187403,4,40,No,Married,Professional,Phone,Health,Medium,6,41,No,0
06000180,63,1180775,21,5,109535,1118473,822963,5,57,Yes,Single,Salaried,Email,Health,Medium,7,26,No,1
06000181,49,2473896,3,3,70540,1824147,1113975,1,68,No,Single,Professional,Email,Accident,Low,8,7,No,0
06000182,67,1485201,23,3,46620,938198,979349,5,55,Yes,Married,Business,Email,Accident,Medium,12,47,Yes,1
06000183,39,1105168,17,5,7751,1244864,957528,1,84,Yes,Married,Business,Phone,Life,Low,11,50,Yes,1
06000184,48,1144896,13,4,92247,4159748,83374,3,51,Yes,Other,Business,Email,Health,High,0,52,Yes,1
06000185,50,1429930,14,1,52145,131743,501708,4,75,Yes,Married,Business,Email,Life,Medium,12,54,No,0
06000186,46,2857365,16,1,158819,2141407,979771,6,30,No,Single,Salaried,App,Life,Low,7,21,Yes,1
06000187,61,2622049,3,3,106478,3214517,671278,6,80,No,Married,Salaried,App,Life,Low,1,4,Yes,1
06000188,48,1093923,8,1,139236,1206078,837186,3,56,No,Married,Professional,Email,Life,Low,1,20,No,0
06000189,32,1787529,14,3,17599,1950877,592538,4,88,No,Married,Salaried,App,Life,High,12,51,No,1
06000190,54,2278362,0,5,31627,4248769,132217,2,78,No,Other,Salaried,Phone,Life,Medium,8,24,Yes,0
06000191,33,523317,15,2,172975,3976908,582014,1,51,Yes,Married,Business,App,Health,Low,4,7,No,0
06000192,62,2721154,5,2,38046,346938,775386,1,22,Yes,Single,Business,Email,Health,Medium,8,14,No,0
06000193,36,361685,4,0,108649,1519126,775747,3,53,Yes,Other,Salaried,Email,Accident,Low,10,10,Yes,1
06000194,29,2888449,6,0,75730,558101,341748,5,27,Yes,Single,Professional,Email,Accident,Medium,10,50,No,0
06000195,25,795722,22,4,167372,1496019,908065,4,50,No,Single,Professional,App,Life,Low,8,7,Yes,1
06000196,67,1958236,5,0,70976,2202164,709322,2,39,Yes,Other,Professional,Phone,Life,High,4,11,Yes,0
06000197,33,1415598,22,0,122736,3311321,631539,4,53,No,Single,Salaried,Phone,Accident,Low,9,11,Yes,1
06000198,43,1480185,7,0,111834,3031399,12040,3,82,Yes,Married,Salaried,Email,Life,Medium,4,11,Yes,1
06000199,34,402246,15,1,75080,945702,659800,5,70,Yes,Single,Salaried,Phone,Health,High,4,2,Yes,1
06000200,52,1294002,19,1,151079,4250977,680606,2,42,No,Single,Salaried,Email,Accident,High,8,20,No,0
06000201,55,1602034,7,2,22494,3799234,287122,4,66,No,Single,Business,Email,Accident,Medium,10,2,No,0
06000202,66,267483,20,4,48396,2177251,126531,1,35,Yes,Married,Business,Email,Accident,Medium,7,42,No,0
06000203,42,1228605,18,1,142021,4190166,383784,4,58,Yes,Single,Professional,Phone,Life,High,4,2,No,0
06000204,34,2636255,23,0,165306,3238994,827484,6,69,No,Other,Business,App,Life,Medium,12,37,No,0
06000205,34,936883,11,2,155550,3436817,327017,6,88,No,Other,Professional,App,Health,Medium,0,55,Yes,1
06000206,24,1139160,23,5,29669,4443290,341654,2,88,Yes,Other,Business,Email,Accident,High,1,5,No,0
06000207,21,1088131,12,0,9281,3442672,911454,2,63,No,Married,Professional,App,Health,Low,9,37,Yes,0
06000208,43,969218,20,5,53152,3634534,245288,4,88,Yes,Married,Salaried,App,Life,Medium,8,12,Yes,0
06000209,66,2626757,24,2,7649,707500,739800,5,84,Yes,Other,Professional,App,Health,Medium,4,2,No,0
06000210,49,2458849,4,1,38704,158943,1053010,5,50,Yes,Single,Professional,Phone,Life,Low,6,45,No,0
06000211,69,1047450,0,3,63050,1289032,180514,4,90,No,Married,Business,App,Life,Low,5,51,Yes,1
06000212,26,2178674,9,2,128180,4299081,537744,3,89,No,Single,Business,Email,Accident,High,4,1,Yes,1
06000213,33,1059578,18,5,54348,1605627,385264,5,68,No,Married,Business,Phone,Health,High,8,34,No,0
06000214,57,522428,21,5,66843,847002,442374,6,21,Yes,Single,Professional,Phone,Life,High,0,11,No,0
06000215,34,1632284,22,5,90821,340856,798409,3,73,No,Other,Salaried,App,Life,High,10,50,Yes,0
06000216,54,614096,17,1,56121,473274,12495,4,92,Yes,Married,Salaried,Email,Accident,High,4,28,No,0
06000217,25,2623033,10,0,133887,249757,909160,2,43,Yes,Single,Salaried,Email,Accident,Low,9,34,No,1
06000218,64,749688,13,3,6331,1297396,307544,2,45,No,Married,Salaried,Phone,Health,High,11,27,No,0
06000219,46,1265042,12,5,114507,2569243,81368,5,76,No,Single,Salaried,Email,Life,Medium,2,25,Yes,1
06000220,40,1612960,1,3,82614,1960172,442536,3,78,No,Married,Business,App,Life,Medium,8,19,No,1
06000221,52,422815,19,2,153978,3924082,295757,2,82,No,Single,Professional,Email,Health,Medium,3,17,Yes,1
06000222,64,1771281,10,3,25648,3790744,430582,6,87,No,Married,Professional,Phone,Accident,Low,8,33,No,1
06000223,47,1889322,12,2,156197,1823798,598404,2,35,Yes,Married,Business,Phone,Health,Medium,2,20,Yes,1
06000224,32,1325157,17,1,21690,1758485,1034439,3,77,Yes,Married,Business,Email,Life,High,4,5,Yes,0
06000225,24,1147482,9,1,149408,3444093,286772,4,84,Yes,Single,Professional,Phone,Accident,Low,7,37,No,1
06000226,42,1635237,15,5,91645,1323845,199534,1,38,No,Other,Business,Phone,Accident,High,8,0,No,0
06000227,59,1378549,4,2,141149,2366238,1169590,1,92,Yes,Other,Professional,Phone,Accident,Medium,2,10,Yes,0
06000228,24,2300852,15,0,178970,2864793,750605,1,43,No,Other,Salaried,Phone,Health,Low,9,34,Yes,0
06000229,61,616191,10,4,130086,2675257,213979,2,91,Yes,Married,Salaried,Phone,Life,Medium,0,30,Yes,1
06000230,44,2160013,12,2,98232,1883931,488510,1,45,No,Single,Professional,App,Accident,Medium,1,31,Yes,1
06000231,55,1281374,10,1,12230,3439673,1145635,2,28,No,Other,Professional,Phone,Health,High,0,30,No,0
06000232,24,1983660,5,0,114582,2314959,333033,4,25,No,Married,Professional,Email,Accident,High,0,53,No,1
06000233,47,1910679,5,4,79709,1649770,17443,4,87,Yes,Other,Professional,Email,Life,Medium,3,24,Yes,1
06000234,21,2882843,15,4,97666,4456491,423682,4,44,Yes,Other,Professional,Email,Accident,High,6,45,Yes,0
06000235,44,727646,9,0,51707,138651,1095990,3,26,Yes,Single,Salaried,Email,Life,High,6,20,Yes,0
06000236,56,1743009,18,2,77621,863419,866209,1,22,Yes,Single,Business,Email,Accident,High,10,32,No,0
06000237,45,2762751,8,3,119609,4225353,472268,1,89,Yes,Other,Business,Phone,Life,High,3,31,No,0
06000238,38,1728713,12,1,34239,1586621,649901,4,95,Yes,Other,Professional,Phone,Health,Medium,3,19,No,0
06000239,52,2740909,17,3,146531,2793681,275792,5,21,No,Single,Salaried,Email,Accident,Low,4,48,Yes,1
06000240,40,581069,24,4,131733,1850086,1186065,3,48,Yes,Single,Professional,App,Life,Medium,5,41,No,0
06000241,30,1330859,5,5,63123,2976300,872466,1,36,Yes,Other,Salaried,App,Life,Medium,4,45,No,1
06000242,58,2452331,11,3,10339,2692135,115466,1,23,Yes,Married,Professional,Email,Life,Low,0,21,No,0
06000243,51,1155667,10,0,28751,4011857,1130598,3,42,No,Other,Professional,Email,Accident,High,1,40,No,0
06000244,62,668984,25,0,5346,4330589,9241,1,72,No,Other,Professional,Email,Life,High,8,7,Yes,0
06000245,40,1109179,0,4,29194,2469477,955481,5,61,Yes,Single,Professional,App,Health,Medium,10,31,No,0
06000246,43,944193,0,2,126590,3669061,92269,4,47,No,Married,Salaried,App,Health,Low,8,54,No,0
06000247,63,2583612,23,3,52599,3724619,978983,6,42,No,Single,Salaried,Phone,Accident,Medium,1,35,Yes,1
06000248,64,2624673,16,4,69534,1613731,304684,2,38,No,Other,Professional,App,Health,High,6,30,No,0
06000249,54,951178,24,4,173867,526802,437885,4,36,No,Single,Professional,Email,Life,High,4,3,No,1
06000250,59,687723,15,3,129674,764745,881867,1,62,No,Other,Salaried,App,Accident,High,4,54,Yes,0
06000251,31,2838336,18,2,119526,4412463,763906,3,90,Yes,Married,Professional,Phone,Accident,Low,7,27,No,1
06000252,49,1975285,15,5,137940,75153,960528,1,67,No,Married,Business,Phone,Health,High,9,23,No,1
06000253,57,1988929,23,3,38478,3349114,356465,6,61,No,Single,Salaried,App,Health,Medium,4,20,Yes,1
06000254,29,1691950,1,5,19430,3396407,925187,1,55,Yes,Married,Professional,Phone,Accident,High,7,6,No,0
06000255,25,2334434,23,2,41671,3967938,610393,3,47,No,Other,Professional,Email,Life,Medium,5,29,Yes,1
06000256,60,1229095,4,0,119874,1382619,226172,4,62,Yes,Other,Business,Email,Health,Low,12,34,No,0
06000257,34,1717947,18,2,92494,3783147,64428,4,39,No,Single,Salaried,App,Accident,Medium,8,0,No,1
06000258,29,1914724,11,0,78664,1240708,385731,1,92,No,Married,Professional,Phone,Health,Low,8,52,Yes,1
06000259,59,1358490,3,3,24997,3510422,776402,1,44,No,Married,Salaried,Email,Life,Low,11,17,Yes,0
06000260,56,507096,11,3,73532,355543,256424,3,62,Yes,Other,Professional,Email,Life,Low,0,32,Yes,1
06000261,40,1184833,12,4,158585,4475183,1003177,1,41,Yes,Other,Business,App,Health,High,1,2,Yes,0
06000262,30,1682282,11,2,168147,2818064,133997,1,31,No,Single,Business,App,Life,Low,7,16,Yes,0
06000263,62,1409654,14,2,31130,63461,1011895,6,87,Yes,Other,Professional,Phone,Life,Low,5,4,No,1
06000264,57,2754592,5,1,55889,2814661,129108,3,69,No,Other,Salaried,Phone,Health,Low,6,1,Yes,0
06000265,58,2098018,15,2,166928,1607034,470049,3,58,No,Married,Business,Email,Accident,Medium,4,32,Yes,0
06000266,46,2558365,8,3,120939,3416074,330311,1,30,No,Other,Salaried,Phone,Health,High,12,40,Yes,0
06000267,47,1192029,5,2,23254,2815559,765565,5,85,No,Married,Salaried,Email,Life,High,12,25,Yes,0
06000268,46,2521247,8,4,26995,1162683,910173,6,95,No,Other,Salaried,Email,Life,High,0,17,No,1
06000269,40,494145,8,2,93268,3557897,271075,6,61,Yes,Single,Professional,Email,Life,High,9,30,No,1
06000270,67,1371863,8,1,157444,2397397,303849,5,28,Yes,Married,Salaried,Phone,Accident,Medium,11,15,Yes,1
06000271,68,362687,11,5,152402,1537544,1045778,3,36,Yes,Married,Professional,Phone,Life,High,1,27,Yes,1
06000272,38,2647192,13,1,46067,1579897,586295,2,75,No,Single,Salaried,Email,Health,High,1,1,Yes,1
06000273,28,2630837,4,3,27058,3723338,426353,4,31,No,Other,Salaried,Phone,Life,Low,2,55,Yes,0
06000274,34,896000,11,2,89187,1889114,704731,2,33,Yes,Married,Professional,App,Life,High,11,18,No,0
06000275,65,1347631,23,1,99446,2340115,193045,2,80,No,Other,Salaried,Phone,Accident,Medium,9,51,No,0
06000276,53,1322188,13,0,84630,780758,429511,2,38,Yes,Married,Professional,Email,Life,Low,7,39,No,1
06000277,40,1900798,15,2,24959,857652,385113,2,25,No,Other,Business,Email,Life,Medium,12,54,Yes,0
06000278,46,1432157,24,2,25530,522761,777443,5,46,No,Married,Business,App,Health,Low,9,47,No,1
06000279,43,1451754,22,3,144607,2248252,204334,3,58,Yes,Single,Professional,App,Accident,Medium,3,26,Yes,0
06000280,46,279646,10,5,6754,1471150,723746,3,36,Yes,Other,Business,Phone,Accident,High,2,28,Yes,1
06000281,23,1623317,5,1,11218,2424650,377787,1,76,Yes,Other,Business,App,Life,Low,10,35,Yes,1
06000282,60,1848382,13,0,67155,1043717,488503,3,36,Yes,Other,Professional,Phone,Health,Low,2,44,No,0
06000283,32,630612,8,3,62800,3630615,1063810,4,40,Yes,Married,Professional,Email,Accident,High,9,9,Yes,1
06000284,63,1919912,19,3,28925,2916883,274534,5,90,No,Other,Professional,Phone,Health,Medium,8,0,No,0
06000285,39,825784,3,5,78585,1779650,71930,1,50,Yes,Married,Professional,Phone,Life,Medium,3,16,No,0
06000286,22,740935,24,0,50523,3960224,1072901,5,54,No,Other,Business,App,Accident,High,1,37,No,0
06000287,35,336222,3,0,129902,3187673,98953,1,41,Yes,Married,Professional,Email,Health,Medium,11,1,No,0
06000288,49,1264029,21,0,14667,1197110,1059241,4,88,Yes,Other,Professional,Phone,Accident,Low,12,6,No,0
06000289,32,876303,17,2,108307,3716238,536137,5,24,No,Other,Salaried,Phone,Health,Medium,10,12,Yes,1
06000290,36,2737288,9,1,58436,1437739,85892,6,72,No,Married,Salaried,Email,Health,High,2,28,Yes,1
06000291,55,2951186,22,2,125576,619741,467488,2,42,Yes,Married,Salaried,Phone,Health,High,4,39,Yes,1
06000292,65,573760,7,2,147775,2273134,974761,4,30,Yes,Married,Business,App,Life,High,5,34,No,0
06000293,60,2824655,20,5,138930,1115895,692342,6,45,Yes,Single,Business,Phone,Life,Low,8,42,No,0
06000294,44,1191686,24,2,49241,1751758,568054,2,44,Yes,Married,Business,Email,Accident,Medium,12,32,Yes,1
06000295,51,456335,24,5,112701,2618548,135034,3,43,No,Other,Business,Phone,Accident,Low,5,55,No,0
06000296,68,2294623,25,1,105057,484345,322199,5,27,No,Married,Business,Phone,Health,Low,2,29,Yes,1
06000297,50,1124115,11,1,124004,2796628,334825,5,31,No,Other,Business,Phone,Accident,Medium,7,4,Yes,1
06000298,56,928223,25,0,73503,4455409,736793,5,29,No,Other,Salaried,Phone,Life,Low,3,32,Yes,1
06000299,38,1834720,16,1,7873,2413852,1094783,1,78,Yes,Other,Professional,Phone,Health,High,10,16,No,0
06000300,62,1097347,4,4,114054,2854990,733834,3,60,Yes,Single,Professional,App,Life,Medium,2,47,Yes,1
06000301,56,2569424,4,0,82602,1494911,240489,4,66,Yes,Married,Professional,Email,Health,Low,0,8,No,1
06000302,65,1578463,10,2,149094,1499104,702347,2,41,Yes,Single,Salaried,Phone,Accident,Medium,2,17,Yes,0
06000303,28,1296143,10,4,142762,1045251,156346,5,79,Yes,Single,Business,Phone,Health,Low,4,27,Yes,1
06000304,36,1235397,20,4,136999,713658,98894,3,35,No,Single,Salaried,App,Life,Medium,11,30,No,1
06000305,69,2440531,8,4,169806,366214,11565,5,29,No,Other,Professional,Email,Health,Medium,11,44,No,0
06000306,41,769032,14,2,41194,54182,151391,3,31,Yes,Other,Business,App,Accident,Low,10,49,No,0
06000307,24,1997244,11,5,132841,3996186,81862,3,71,No,Single,Professional,App,Accident,Low,9,40,Yes,1
06000308,62,495197,19,3,93067,2686923,566309,4,57,Yes,Other,Salaried,App,Life,High,6,35,No,1
06000309,58,2058286,10,2,27621,3120945,829290,5,36,No,Other,Business,Email,Health,High,4,44,Yes,1
06000310,47,2485114,22,0,155823,3514388,1140686,1,53,No,Other,Salaried,App,Accident,High,8,50,Yes,0
06000311,49,339066,11,3,147077,3220213,488531,3,28,Yes,Married,Business,Phone,Life,High,12,5,No,1
06000312,44,753749,7,2,104358,865963,10585,1,61,Yes,Other,Professional,Email,Accident,Medium,7,3,No,0
06000313,60,1449107,18,2,47344,733075,575678,1,59,No,Other,Salaried,Phone,Life,Medium,3,8,No,1
06000314,67,396204,21,4,72231,1405334,49417,1,72,No,Married,Professional,Email,Health,Low,0,1,Yes,0
06000315,33,388692,3,3,38012,586165,1162067,2,91,Yes,Married,Professional,Phone,Life,High,3,22,No,0
06000316,59,1759567,23,0,76309,2574768,1138997,6,34,Yes,Single,Professional,Email,Accident,Low,3,8,Yes,1
06000317,61,1219386,15,5,67584,1213309,779643,2,43,Yes,Other,Professional,App,Accident,Low,9,49,No,0
06000318,48,1690509,7,5,54596,2865515,60104,6,81,No,Other,Professional,App,Health,High,8,1,Yes,1
06000319,22,1355201,10,4,134682,3604532,777784,5,69,Yes,Single,Professional,Email,Health,Low,10,15,Yes,1
06000320,62,985178,5,1,85167,2362952,218885,6,64,Yes,Other,Business,Email,Health,High,5,46,Yes,1
06000321,23,1319067,12,5,144844,3781054,873530,1,58,No,Other,Salaried,Phone,Accident,High,6,24,Yes,1
06000322,48,2251020,8,4,62016,1380473,1197315,6,79,Yes,Married,Professional,Phone,Health,Low,5,6,Yes,1
06000323,42,2076627,2,0,111423,831407,537593,5,30,Yes,Married,Professional,Phone,Accident,Medium,2,18,Yes,1
06000324,59,2776493,24,4,20607,4371769,1176401,4,45,No,Other,Professional,Email,Accident,High,5,23,No,0
06000325,67,1351052,9,1,100447,1393191,463362,2,84,No,Single,Professional,Email,Life,High,6,1,Yes,1
06000326,50,2309405,11,4,103190,2327305,807814,5,87,Yes,Single,Business,Email,Health,Low,4,7,No,1
06000327,39,1222984,22,4,66954,668714,1118047,6,30,Yes,Other,Salaried,App,Life,High,12,42,No,1
06000328,63,1283841,11,5,39866,12458,197258,4,45,Yes,Single,Business,App,Health,Medium,11,21,No,0
06000329,21,2638685,11,5,84287,296434,835022,4,73,No,Married,Salaried,App,Life,High,1,19,Yes,1
06000330,22,2805229,25,1,13627,3338780,1127631,2,57,Yes,Married,Salaried,App,Accident,High,8,8,Yes,0
06000331,59,592004,19,0,68022,2274311,443653,5,77,No,Other,Professional,Phone,Accident,Medium,1,44,No,0
06000332,43,2689843,13,1,137834,3804759,890284,6,27,Yes,Single,Professional,App,Health,Low,8,36,No,0
06000333,64,2811263,9,4,85697,198987,987702,4,29,Yes,Married,Salaried,Email,Health,High,2,26,No,0
06000334,57,2825893,17,1,42306,4036359,758990,3,28,Yes,Single,Professional,Email,Accident,Low,12,24,Yes,0
06000335,54,510044,15,4,131422,43169,693492,4,93,No,Single,Business,Phone,Accident,High,4,51,No,1
06000336,28,1984117,22,5,48697,1622890,433425,3,93,Yes,Married,Salaried,App,Life,Low,5,22,Yes,1
06000337,49,1284887,5,5,110608,212058,634986,5,60,Yes,Other,Salaried,Phone,Health,High,1,52,Yes,1
06000338,33,894159,2,3,114128,4361022,92334,3,44,No,Other,Business,Email,Health,High,1,6,No,1
06000339,49,487994,21,2,130660,2345501,755713,3,24,No,Married,Professional,Phone,Life,Low,3,13,Yes,0
06000340,58,2557132,4,5,12265,4361428,760948,2,35,Yes,Other,Professional,Email,Accident,Medium,6,15,No,0
06000341,45,1635295,23,1,124456,2056611,336472,3,37,No,Single,Business,App,Accident,High,3,51,No,0
06000342,36,679899,10,0,6896,2541212,1046361,5,85,No,Single,Business,Email,Health,High,10,24,Yes,1
06000343,45,2886436,7,1,133187,1641028,623111,5,23,No,Other,Business,Phone,Life,Low,7,36,Yes,0
06000344,48,1071951,10,5,18946,1841670,277336,2,36,Yes,Married,Professional,Email,Accident,Low,6,46,Yes,1
06000345,25,869196,23,0,101647,2324520,715738,5,87,Yes,Single,Business,App,Life,High,6,31,No,1
06000346,68,910060,1,3,44387,1758109,129403,2,39,Yes,Other,Professional,Phone,Life,Low,4,49,Yes,0
06000347,48,2567743,17,4,159216,1684755,761855,3,94,Yes,Other,Business,Email,Life,High,6,21,Yes,1
06000348,49,1808467,11,4,176007,1621030,18810,6,89,Yes,Other,Professional,Phone,Accident,High,3,46,Yes,1
06000349,40,745849,12,1,64336,4009837,1158561,5,48,Yes,Other,Business,Phone,Life,Low,9,51,Yes,1
06000350,26,717806,20,5,161410,254048,1069274,1,91,Yes,Single,Business,Email,Accident,Medium,9,52,Yes,1
06000351,69,1054494,4,4,96973,3356940,214688,4,70,No,Single,Professional,Phone,Health,Medium,0,8,No,1
06000352,23,605827,11,4,15055,131632,772109,6,85,No,Married,Professional,App,Accident,High,6,13,No,1
06000353,43,991916,3,1,164577,1400729,739979,5,49,No,Other,Business,Email,Accident,High,1,11,No,1
06000354,64,1528882,20,1,163294,1281677,49054,1,36,No,Other,Salaried,Phone,Accident,High,1,44,No,0
06000355,55,1361857,2,3,85881,1269028,908403,2,89,No,Other,Salaried,App,Accident,Low,10,4,Yes,1
06000356,41,1032158,3,0,146662,4465795,1109381,6,83,No,Other,Business,App,Life,Low,8,9,No,1
06000357,21,1325241,21,0,139168,535938,627444,1,30,Yes,Other,Salaried,Phone,Accident,High,5,7,No,0
06000358,23,420644,16,0,125923,2466541,1058577,5,57,Yes,Other,Business,App,Accident,Low,4,41,No,1
06000359,45,2458152,13,3,171190,1205641,41367,2,62,Yes,Married,Business,App,Life,Medium,9,16,Yes,0
06000360,62,1929323,5,0,158937,1940190,161911,6,24,No,Married,Business,App,Life,Medium,10,21,No,1
06000361,66,513266,7,2,155020,2081814,1117386,5,87,No,Married,Business,Phone,Life,Low,5,4,Yes,0
06000362,59,1431066,5,0,6410,1256275,386905,4,53,Yes,Single,Salaried,App,Life,Low,9,43,No,1
06000363,53,668302,7,5,104827,105786,917661,2,67,Yes,Single,Professional,App,Accident,Low,6,9,No,0
06000364,45,1246316,22,4,66906,3037530,389563,3,94,No,Other,Business,Phone,Health,Medium,8,37,No,1
06000365,65,336928,2,0,101935,1974526,269683,3,24,No,Single,Business,App,Life,Medium,11,1,No,1
06000366,59,1817716,16,2,42536,1289674,1058149,2,20,No,Other,Professional,App,Accident,High,9,25,Yes,0
06000367,25,2773423,22,5,164117,3909097,476132,4,53,No,Married,Professional,App,Accident,Medium,5,2,Yes,0
06000368,21,2697707,25,2,166366,2380742,558165,5,80,Yes,Single,Professional,App,Accident,High,1,44,Yes,1
06000369,54,1461948,16,3,134105,3666403,146337,5,24,Yes,Other,Professional,App,Life,Medium,6,45,Yes,1
06000370,41,1874553,24,3,86175,3487559,702208,2,74,No,Single,Professional,Email,Life,Medium,1,27,Yes,1
06000371,64,520093,22,2,119151,211295,222722,1,43,Yes,Single,Professional,Phone,Accident,Low,0,35,No,0
06000372,68,1858598,9,2,29276,3261176,605523,5,84,Yes,Single,Professional,Phone,Life,High,4,26,Yes,1
06000373,50,1197930,25,4,73653,1493886,552531,4,56,Yes,Married,Business,Email,Health,Medium,5,14,No,1
06000374,49,2932132,20,5,53573,1617108,1143049,6,20,No,Married,Salaried,Phone,Life,Low,11,4,Yes,1
06000375,30,690363,17,1,155578,1139758,1172949,6,92,No,Married,Business,Phone,Accident,Medium,11,43,Yes,1
06000376,48,1901573,25,2,103940,2046995,1111737,5,72,Yes,Other,Business,App,Life,High,7,27,No,0
06000377,68,545219,21,1,73727,3073881,320882,4,68,Yes,Married,Salaried,App,Life,High,11,30,No,1
06000378,22,1752187,23,0,121286,4158776,609614,2,60,Yes,Single,Business,App,Accident,High,11,31,No,1
06000379,31,1331486,15,0,136582,542667,801175,2,71,No,Married,Professional,App,Accident,High,9,28,Yes,1
06000380,26,2065076,3,5,133939,2241128,403721,6,33,No,Single,Business,App,Accident,Low,8,21,No,1
06000381,40,1586513,14,4,58680,1897687,319652,4,45,No,Single,Business,Phone,Health,High,1,21,No,1
06000382,66,302331,24,1,177659,561359,938530,2,44,No,Married,Business,Email,Health,Low,10,15,No,0
06000383,46,1647969,4,2,112244,747585,928609,3,32,Yes,Married,Professional,App,Accident,Medium,11,28,Yes,1
06000384,26,1828036,4,2,126208,2907648,378070,4,90,No,Single,Salaried,Phone,Accident,Low,12,46,Yes,1
06000385,21,2497811,11,1,57411,3755794,397379,4,32,Yes,Single,Salaried,Email,Life,Medium,0,22,No,0
06000386,27,613307,7,1,143194,1163015,585761,6,62,No,Other,Business,Phone,Accident,High,2,7,No,0
06000387,21,2850410,2,4,75566,229067,854758,5,23,Yes,Single,Professional,Email,Life,Low,4,17,No,1
06000388,38,2204600,7,5,118454,560172,467184,1,49,No,Married,Business,Phone,Life,High,11,9,No,0
06000389,46,2740572,0,0,126407,2095065,377747,5,62,No,Single,Salaried,App,Health,Medium,4,23,No,1
06000390,42,1313520,1,0,162786,2718896,3203,1,26,No,Single,Business,Email,Life,Low,12,10,Yes,0
06000391,36,751362,21,1,39883,526818,794763,3,86,No,Single,Business,Phone,Life,High,3,3,No,1
06000392,66,2252581,19,0,179076,3932735,575637,4,50,No,Other,Business,App,Accident,High,8,13,Yes,0
06000393,25,2458636,0,1,49367,2807174,446886,5,55,No,Other,Salaried,App,Life,Low,5,27,No,0
06000394,36,360057,1,0,173056,4344691,972195,3,53,Yes,Married,Professional,Email,Accident,Low,11,46,Yes,0
06000395,28,2638082,11,5,116818,2947933,393835,1,75,Yes,Married,Business,Email,Life,Low,5,18,Yes,1
06000396,67,1848691,4,4,95316,1776353,606604,2,31,Yes,Other,Business,Phone,Accident,High,12,39,No,0
06000397,47,2734100,21,4,60415,2896226,134649,4,28,Yes,Married,Professional,Phone,Life,Medium,5,31,Yes,0
06000398,64,2109337,13,5,27314,2553969,456480,2,59,No,Married,Professional,Phone,Life,High,9,2,Yes,1
06000399,60,1539836,6,1,74533,2913378,757925,2,48,No,Single,Salaried,Phone,Health,Medium,12,39,Yes,1
06000400,41,1578885,23,3,84077,883433,339880,2,41,No,Married,Salaried,Phone,Health,Low,1,45,No,0
06000401,45,987192,7,4,157946,4073333,891858,2,72,Yes,Other,Salaried,Email,Health,Medium,9,31,Yes,1
06000402,24,876908,13,2,43113,1140624,328854,3,32,No,Single,Business,Phone,Accident,Medium,1,54,No,1
06000403,23,807980,17,2,100998,1457197,1037972,4,55,Yes,Single,Professional,Phone,Health,Medium,2,37,Yes,1
06000404,30,2646050,25,0,131058,450206,100369,5,85,Yes,Single,Business,Email,Life,Medium,8,21,Yes,1
06000405,26,2104492,10,0,83960,3241577,1060131,6,56,No,Married,Business,App,Accident,Medium,11,0,No,1
06000406,66,2553665,22,3,101485,2589839,29894,2,60,No,Married,Professional,App,Life,High,3,13,No,0
06000407,35,1605108,23,0,39975,2155945,1120355,3,23,No,Other,Business,App,Health,Medium,10,37,Yes,0
06000408,65,1637121,18,2,64687,1638108,975096,2,22,No,Married,Business,Phone,Life,High,12,3,No,0
06000409,35,817712,0,4,142410,3084042,972973,2,39,Yes,Other,Professional,App,Life,Low,1,37,Yes,1
06000410,41,2552370,17,2,152493,1746693,462785,4,61,No,Single,Business,Email,Accident,High,0,47,No,1
06000411,21,2846787,8,5,58293,2958696,976063,1,47,Yes,Single,Salaried,Email,Accident,Low,4,24,Yes,1
06000412,47,1815664,15,4,137196,2319677,364518,4,42,Yes,Other,Salaried,Email,Health,High,11,17,Yes,0
06000413,56,265749,22,0,33461,1562549,755881,5,88,No,Other,Business,Phone,Accident,Low,5,43,Yes,1
06000414,24,2581364,8,0,21126,1371802,1136524,1,36,No,Other,Professional,Phone,Health,Low,3,24,Yes,0
06000415,28,2404053,21,0,129297,1829434,353191,2,24,Yes,Single,Business,Email,Accident,Low,9,8,No,0
06000416,36,423214,21,4,130189,519222,288007,4,79,No,Married,Professional,Email,Health,Low,6,1,No,1
06000417,66,592793,17,1,171047,1170013,379947,1,72,Yes,Married,Business,App,Accident,High,9,29,Yes,0
06000418,24,2063955,8,4,137597,1280805,62290,1,42,No,Other,Business,App,Life,High,8,34,No,0
06000419,69,1501969,24,4,23235,1356048,756983,4,62,No,Single,Salaried,Email,Accident,Medium,9,19,Yes,0
06000420,31,2946938,19,5,35472,1885673,664060,2,34,No,Married,Salaried,App,Life,High,12,30,Yes,1
06000421,35,912265,16,5,157623,4084864,684785,6,55,Yes,Married,Professional,Phone,Accident,Low,4,31,No,1
06000422,32,1190183,6,2,46254,2995573,1044222,5,45,Yes,Single,Professional,App,Health,High,3,22,No,0
06000423,55,2934988,20,3,46213,4006991,201876,5,89,No,Married,Business,App,Life,High,5,43,No,1
06000424,32,300281,5,0,104150,1995809,950693,2,71,Yes,Single,Professional,Phone,Health,Low,6,6,No,1
06000425,33,2756975,2,3,26312,2365946,629564,6,60,Yes,Married,Business,Email,Life,Medium,10,17,Yes,1
06000426,50,2637423,5,2,18578,1045992,285306,1,61,No,Single,Business,Phone,Accident,Medium,7,53,No,0
06000427,68,2017375,0,2,102710,3145941,895419,1,43,Yes,Other,Salaried,Phone,Life,Medium,9,34,Yes,0
06000428,44,2678800,24,0,113059,3053607,12136,5,87,Yes,Other,Business,App,Accident,High,5,16,Yes,1
06000429,34,385047,22,4,105952,3068145,567300,4,64,Yes,Married,Salaried,App,Health,Low,8,21,No,1
06000430,51,1402886,6,1,130447,675243,221826,4,29,Yes,Other,Salaried,App,Health,High,12,47,Yes,1
06000431,26,2547587,9,1,177312,3946154,730509,4,86,Yes,Married,Salaried,App,Accident,Medium,5,26,Yes,0
06000432,30,2498049,16,3,7139,711425,285971,1,20,No,Other,Professional,Email,Life,Medium,12,26,Yes,1
06000433,43,1481269,19,5,163953,281498,312515,5,65,No,Single,Salaried,Phone,Health,High,11,20,No,1
06000434,53,1047447,8,5,16954,3957993,482027,6,53,No,Other,Salaried,Email,Accident,Low,1,42,Yes,1
06000435,50,2675282,12,4,36127,1749312,295403,2,80,No,Other,Professional,Email,Accident,Medium,12,21,Yes,1
06000436,24,2459043,18,2,85887,3968187,270499,3,56,Yes,Other,Professional,Phone,Life,Low,7,6,No,0
06000437,31,429744,21,1,110339,4046534,509797,2,32,Yes,Married,Business,Phone,Health,Medium,0,14,No,0
06000438,58,1322997,6,3,149769,327487,295021,5,75,No,Other,Business,Phone,Accident,Low,11,18,Yes,1
06000439,33,1964265,1,3,93751,3619854,312322,2,23,Yes,Other,Salaried,Email,Accident,High,10,2,No,1
06000440,21,754051,20,2,98703,4013837,987469,2,81,No,Single,Salaried,Email,Life,Low,12,0,No,0
06000441,36,1643898,10,2,58144,4157323,832941,4,35,Yes,Married,Business,App,Accident,High,2,41,No,0
06000442,54,1903615,11,0,36386,4111046,627168,5,22,No,Other,Professional,Email,Health,High,7,42,No,0
06000443,46,690796,10,0,162357,2909624,298018,6,30,No,Other,Salaried,App,Health,Medium,2,54,No,1
06000444,35,348002,19,0,63522,3363718,731558,6,70,No,Single,Professional,Phone,Life,Medium,6,52,Yes,1
06000445,65,2775804,23,4,34412,1714924,62779,5,78,No,Other,Salaried,Phone,Accident,Low,9,25,No,0
06000446,37,1655109,8,3,11652,4246140,67178,2,94,Yes,Single,Professional,App,Health,High,12,19,No,1
06000447,64,1957163,11,4,53354,2733735,506081,6,45,No,Single,Professional,Phone,Life,Medium,2,14,Yes,0
06000448,48,1370795,3,3,72951,7325,313851,5,67,Yes,Married,Professional,App,Accident,Medium,5,55,No,1
06000449,41,458145,9,0,143400,227763,273433,2,53,No,Married,Professional,Email,Accident,Medium,8,52,Yes,0
06000450,27,290872,15,0,146819,2149965,994592,3,44,Yes,Single,Salaried,Phone,Accident,High,10,36,No,0
06000451,42,1976290,14,4,93752,2496473,785811,2,53,No,Married,Business,App,Accident,High,0,4,Yes,0
06000452,65,2248111,12,2,76837,2418634,330776,3,34,No,Other,Professional,Email,Accident,Low,6,53,No,0
06000453,27,1239143,2,0,50068,475779,29664,4,57,Yes,Single,Business,Phone,Health,High,7,19,No,0
06000454,69,394498,21,1,97401,4068867,995893,3,66,Yes,Single,Salaried,Email,Accident,High,4,4,Yes,1
06000455,24,2654279,4,5,88602,1244186,81570,5,42,No,Other,Salaried,Email,Health,Medium,8,45,Yes,1
06000456,67,1562531,3,2,41214,362111,961691,3,33,Yes,Single,Professional,App,Life,Medium,12,14,No,1
06000457,29,267659,21,5,33296,2773712,356039,3,83,Yes,Married,Business,App,Health,Low,11,14,No,1
06000458,57,410361,23,1,26466,4440955,396608,1,80,Yes,Married,Salaried,App,Health,Low,4,44,Yes,0
06000459,22,1330327,1,4,16173,4406000,363674,5,30,No,Married,Professional,Phone,Life,Low,1,55,No,0
06000460,54,2414297,24,2,138163,3049429,491235,2,88,No,Married,Salaried,Email,Accident,High,7,39,Yes,1
06000461,50,1453621,17,4,72069,543943,1179626,6,83,Yes,Married,Business,Phone,Health,High,9,28,Yes,1
06000462,37,599169,1,5,78418,2743489,323731,6,48,Yes,Other,Professional,App,Life,Medium,11,27,Yes,1
06000463,32,2230620,24,5,125813,929299,589879,3,82,No,Other,Salaried,Phone,Health,High,7,22,No,1
06000464,25,1714869,7,4,21706,1140426,637331,4,58,Yes,Married,Professional,Email,Accident,Medium,11,16,Yes,0
06000465,31,1137441,12,0,176919,2098528,239363,2,75,Yes,Single,Professional,Phone,Life,Low,1,1,No,0
06000466,41,2505308,10,5,170174,1522580,858374,6,45,No,Single,Business,Email,Life,Medium,1,33,No,0
06000467,45,2803656,5,3,157942,3500985,927853,1,87,No,Single,Salaried,Email,Health,High,1,28,No,0
06000468,57,2361085,20,1,26877,2806472,865568,5,60,No,Married,Business,App,Accident,Low,10,20,Yes,1
06000469,57,808217,15,2,27667,3888493,971776,4,29,Yes,Married,Salaried,Phone,Health,Medium,10,29,No,1
06000470,28,507718,7,5,9781,1088943,745029,6,52,Yes,Single,Salaried,Phone,Health,Medium,5,6,Yes,1
06000471,36,1698496,7,2,118080,3086282,423932,3,62,No,Single,Professional,App,Life,High,3,19,No,1
06000472,69,2401828,23,5,134157,1548490,725087,4,79,Yes,Other,Business,App,Accident,Medium,12,18,No,1
06000473,30,323566,24,0,107021,2671537,440831,1,32,No,Other,Business,Email,Life,Low,0,18,No,0
06000474,57,2609139,9,1,50930,2802105,746018,5,77,No,Single,Professional,Email,Accident,Medium,7,4,No,1
06000475,47,463285,16,5,57466,1163618,977377,6,56,No,Married,Salaried,Phone,Health,Low,10,44,No,1
06000476,25,2389515,6,4,57941,3483861,276857,2,25,Yes,Married,Professional,App,Health,High,7,17,No,1
06000477,35,1944282,11,1,102690,1506185,58893,1,38,No,Married,Salaried,Email,Health,High,10,15,Yes,1
06000478,64,1275335,11,0,138841,1514070,1031034,5,90,Yes,Married,Professional,Email,Accident,Low,11,49,No,0
06000479,49,2508552,19,0,105937,3388793,650635,6,59,No,Other,Professional,App,Accident,Low,3,12,No,1
06000480,51,2244658,6,3,10201,2481572,538066,1,59,Yes,Other,Professional,App,Accident,Medium,3,45,Yes,1
06000481,59,1610687,15,3,18994,3177673,1079099,1,82,No,Married,Professional,Phone,Life,Medium,8,27,No,0
06000482,61,2230831,24,5,40680,3941572,1063237,2,71,No,Other,Salaried,App,Accident,Medium,4,30,No,0
06000483,50,2420335,18,3,73847,2604498,155860,5,51,Yes,Single,Professional,App,Health,High,8,14,Yes,1
06000484,53,854174,9,2,59045,2969695,839335,1,79,No,Other,Professional,App,Health,Low,9,2,No,0
06000485,52,2073274,6,2,107700,4410465,180211,4,54,Yes,Other,Professional,Email,Life,High,11,52,No,1
06000486,38,1404862,11,4,54167,3560618,300313,6,37,Yes,Single,Salaried,Phone,Life,Medium,0,31,Yes,1
06000487,27,1946038,3,4,75981,3711718,331481,1,91,No,Other,Salaried,Phone,Health,Medium,3,23,No,1
06000488,42,2096132,9,2,75069,1266448,481218,2,38,No,Single,Professional,Phone,Health,High,2,42,Yes,1
06000489,22,2552490,9,5,165333,3329331,684221,6,73,Yes,Single,Professional,Phone,Accident,Medium,6,17,No,1
06000490,32,2176656,21,3,28376,46611,147906,5,39,Yes,Other,Business,App,Health,High,0,38,Yes,0
06000491,51,634249,10,3,111381,734018,697979,4,85,No,Single,Business,Phone,Life,Medium,3,33,Yes,1
06000492,27,289553,8,2,153865,2700802,1046456,4,35,No,Other,Salaried,Phone,Health,Medium,7,47,Yes,1
06000493,54,1209040,11,2,39620,311233,827393,4,32,No,Married,Salaried,Email,Accident,Medium,12,20,No,0
06000494,59,587508,3,4,153133,2436310,511799,5,25,No,Other,Professional,Email,Health,Low,1,19,No,0
06000495,23,1961288,7,2,167054,1586185,827006,3,38,No,Other,Business,App,Accident,Medium,10,36,Yes,1
06000496,23,1726183,25,4,143549,260681,120679,2,54,No,Other,Salaried,Phone,Accident,Low,1,40,No,0
06000497,39,725941,10,0,158435,3005570,658653,3,89,Yes,Married,Business,Phone,Life,Low,0,17,No,1
06000498,60,2340670,3,4,169257,2048728,275943,2,26,Yes,Married,Salaried,Email,Accident,Medium,9,53,No,0
06000499,45,2488241,12,1,80492,4169329,518149,6,94,No,Other,Professional,Email,Accident,Medium,4,9,No,1
06000500,58,1944973,7,5,26750,1602038,1081705,4,24,Yes,Married,Salaried,App,Life,Medium,12,38,Yes,1
06000501,67,974347,11,3,30972,2955037,722340,4,85,Yes,Married,Professional,App,Accident,Low,9,42,Yes,0
06000502,53,2463788,16,1,177067,3364314,847199,4,75,Yes,Other,Business,App,Life,Medium,12,32,No,0
06000503,50,2774985,13,0,107140,4367204,946991,2,58,No,Other,Professional,Email,Health,Medium,6,19,No,0
06000504,68,1511356,1,2,34697,2621779,483754,2,92,Yes,Single,Salaried,Phone,Accident,Low,8,31,No,0
06000505,36,982750,24,4,15089,515692,885827,1,65,Yes,Other,Salaried,App,Life,High,3,34,Yes,0
06000506,55,1459175,0,4,79382,140631,113729,5,42,No,Single,Professional,App,Health,High,4,55,No,0
06000507,53,2876368,11,2,162566,3326518,1139239,3,68,Yes,Other,Professional,App,Accident,High,7,26,No,1
06000508,42,1231652,10,2,28707,1813092,672602,6,86,No,Other,Salaried,Phone,Life,High,10,24,Yes,1
06000509,64,2048682,17,4,30563,3337581,865821,6,22,Yes,Single,Professional,Email,Health,Medium,1,40,Yes,0
06000510,30,1190850,1,0,77019,1488927,746407,5,60,No,Married,Salaried,Phone,Accident,Low,8,38,Yes,1
06000511,21,2982548,7,4,139143,3135643,146724,3,66,No,Married,Professional,App,Life,Low,7,54,No,0
06000512,56,1233685,25,1,14472,2767712,425232,3,88,No,Single,Business,Phone,Health,Medium,9,11,Yes,1
06000513,44,2233227,17,4,160862,404275,268452,4,64,Yes,Other,Business,Email,Health,High,3,54,No,1
06000514,30,1901588,14,4,168015,4491923,11280,1,56,Yes,Other,Professional,App,Accident,Medium,9,7,Yes,0
06000515,36,1264901,25,0,69420,3736663,1111296,5,80,No,Single,Salaried,App,Accident,Medium,10,43,Yes,1
06000516,43,947258,10,5,58904,1456097,204035,4,47,No,Other,Business,App,Health,Medium,4,19,Yes,1
06000517,35,678695,3,1,134509,2958465,828200,4,79,No,Single,Business,Phone,Life,High,1,20,No,1
06000518,57,938309,16,0,55174,3146295,1190910,6,87,Yes,Other,Salaried,App,Health,Medium,7,48,No,0
06000519,26,1076726,11,3,142310,3125141,983096,1,68,Yes,Other,Salaried,Email,Accident,Medium,4,17,Yes,1
06000520,23,1258517,24,0,27287,3186483,563405,1,33,Yes,Married,Professional,Email,Life,High,3,22,No,0
06000521,25,876374,25,2,41834,2660969,704792,5,59,No,Single,Professional,App,Accident,Low,12,5,Yes,1
06000522,53,397707,14,1,36355,925244,296559,2,36,No,Other,Professional,Phone,Accident,High,6,0,No,0
06000523,26,2685739,2,5,118847,3130343,811811,5,63,No,Married,Professional,Phone,Accident,High,1,6,No,1
06000524,67,1000724,20,1,87491,3708882,1070370,2,85,No,Single,Professional,Email,Life,High,2,3,Yes,1
06000525,50,510989,4,3,53354,3554250,863026,1,26,No,Other,Salaried,Email,Life,Low,9,8,No,1
06000526,43,1774510,4,5,125257,3162094,1164570,2,51,No,Single,Business,Email,Accident,Low,12,27,Yes,0
06000527,52,608376,21,0,16581,1626096,826821,1,28,No,Married,Business,App,Accident,Medium,2,26,No,0
06000528,49,1169943,1,1,82801,4341783,974176,6,58,Yes,Married,Professional,Email,Health,Low,6,10,No,1
06000529,45,1665076,24,1,20671,601489,936232,6,93,No,Single,Salaried,App,Health,High,12,20,No,1
06000530,22,1187676,7,1,154404,3445186,534659,2,79,Yes,Single,Professional,Email,Accident,High,4,36,No,0
06000531,64,1799344,15,2,84213,4422635,341072,5,42,Yes,Single,Salaried,Email,Health,High,9,42,Yes,0
06000532,51,2195678,11,2,154061,781994,272860,5,58,No,Other,Salaried,App,Life,High,1,45,No,0
06000533,55,2891648,16,5,120251,3454778,605819,1,63,Yes,Married,Business,Email,Accident,High,0,6,No,0
06000534,53,674140,4,3,9176,4069238,876116,4,88,No,Other,Salaried,App,Accident,Medium,6,1,No,0
06000535,68,1561887,11,0,65621,867148,1094351,4,42,No,Single,Professional,Phone,Health,Low,9,17,Yes,0
06000536,37,2059293,14,4,83398,3835342,176577,6,74,No,Married,Business,Email,Health,Medium,8,43,No,1
06000537,63,1880465,14,0,163481,1479050,547444,3,56,No,Single,Salaried,App,Life,Medium,12,8,No,0
06000538,31,1989851,8,0,142995,1623958,1004516,6,29,No,Single,Professional,App,Health,Medium,5,36,Yes,1
06000539,67,671476,7,5,92615,894912,646036,5,50,No,Single,Business,Phone,Accident,High,11,11,No,0
06000540,61,476017,18,3,146275,4470587,234790,4,86,No,Married,Salaried,App,Health,Medium,4,1,Yes,1
06000541,58,904558,24,4,83063,1238745,1087811,6,30,Yes,Married,Salaried,App,Life,High,5,34,Yes,1
06000542,54,2097837,12,0,142392,1707657,1138096,4,39,Yes,Married,Business,Email,Health,Medium,1,4,Yes,1
06000543,40,337013,19,1,18756,1081488,89885,4,81,Yes,Other,Professional,Email,Health,High,4,16,No,0
06000544,59,1344010,16,0,18705,648243,1000330,3,37,No,Single,Salaried,Phone,Accident,High,10,25,No,1
06000545,33,1485308,0,1,117118,1158559,895475,1,82,Yes,Single,Salaried,Email,Life,Medium,1,43,Yes,1
06000546,38,251422,10,2,57734,1491788,305713,4,31,Yes,Single,Professional,Email,Health,High,6,2,Yes,1
06000547,65,690552,19,1,170856,260253,369742,3,42,No,Other,Professional,Phone,Accident,High,1,7,Yes,0
06000548,33,1857389,0,0,160200,2524003,434097,4,91,Yes,Single,Business,Phone,Life,Medium,2,47,Yes,0
06000549,57,2398053,5,5,87032,940335,311703,1,71,No,Other,Professional,App,Health,High,3,35,Yes,1
06000550,48,1281338,8,1,46176,2241099,889799,6,22,Yes,Single,Professional,Email,Health,High,11,11,Yes,1
06000551,38,1593201,18,2,172791,3534135,122485,2,42,Yes,Married,Salaried,Email,Life,Low,10,32,No,0
06000552,41,1351839,24,3,66170,2521831,1013422,1,75,No,Other,Professional,Phone,Accident,High,2,34,Yes,1
06000553,36,1324389,25,2,63798,3938608,436060,6,77,Yes,Other,Business,App,Health,Low,9,31,Yes,1
06000554,55,1621484,16,0,63133,2465737,570704,5,30,No,Married,Professional,App,Accident,Medium,7,31,No,0
06000555,43,2314975,22,2,123608,3450920,390432,6,72,Yes,Single,Salaried,App,Accident,Medium,0,27,Yes,1
06000556,40,2242482,9,0,94372,599383,44500,4,70,No,Married,Professional,Phone,Life,Medium,4,19,No,0
06000557,51,1888334,22,4,157272,4390012,408880,2,70,No,Other,Professional,App,Life,Low,1,2,Yes,0
06000558,46,2984081,14,1,125291,3016811,1190543,6,22,Yes,Single,Professional,App,Life,Medium,0,1,Yes,1
06000559,38,2612899,22,5,122395,682448,482487,3,83,No,Single,Business,Email,Accident,High,12,33,Yes,0
06000560,26,1496641,22,5,56119,4253939,513923,3,51,Yes,Married,Professional,Phone,Accident,Medium,0,10,Yes,1
06000561,36,2372471,19,2,29599,242943,594597,6,73,Yes,Other,Professional,Phone,Life,Medium,12,55,Yes,0
06000562,40,1753820,19,4,123286,828502,984150,4,46,Yes,Married,Business,Email,Life,High,2,37,Yes,0
06000563,28,1792457,4,5,76615,433395,841629,3,71,Yes,Other,Professional,App,Health,Low,1,18,Yes,1
06000564,21,2380609,17,1,92714,3117378,90049,3,90,Yes,Married,Salaried,Email,Accident,Low,1,43,Yes,1
06000565,34,449734,23,5,113952,848158,669281,1,94,No,Single,Salaried,Email,Life,High,2,0,Yes,0
06000566,68,414093,8,1,16706,3827408,1057523,1,57,No,Single,Business,Email,Life,High,11,10,Yes,0
06000567,69,555060,13,4,110277,3633995,356539,2,54,Yes,Married,Professional,Phone,Accident,Medium,1,11,Yes,0
06000568,24,1796688,8,5,16909,2585702,120267,1,48,No,Other,Business,Phone,Life,High,1,17,No,0
06000569,42,2213826,6,1,74831,4223342,381043,5,80,No,Other,Business,App,Health,Medium,7,39,No,1
06000570,30,1121212,5,1,53878,1796016,343696,2,38,Yes,Married,Salaried,App,Accident,Medium,11,12,No,1
06000571,29,2693337,1,4,81895,2316591,1075426,1,89,Yes,Single,Salaried,App,Life,Medium,6,3,No,1
06000572,25,2037747,11,2,21718,1677162,1040833,6,81,Yes,Other,Salaried,Email,Life,Low,1,10,No,1
06000573,40,1863793,20,4,57564,1453169,758199,2,25,No,Other,Business,Email,Life,Low,11,25,No,0
06000574,59,1969426,13,0,32635,3677507,783301,2,73,Yes,Single,Business,Phone,Life,High,10,42,No,0
06000575,25,2203507,16,2,47107,4449997,198835,6,55,No,Other,Business,Email,Health,Medium,10,22,Yes,1
06000576,43,325250,0,3,126360,393261,975846,4,22,Yes,Other,Salaried,Email,Accident,High,9,22,Yes,1
06000577,26,2147916,14,1,134184,2137462,689582,1,47,Yes,Other,Salaried,Email,Life,High,12,26,No,0
06000578,58,492188,5,5,38133,2421596,831822,5,51,Yes,Single,Salaried,App,Life,High,3,38,Yes,1
06000579,36,817919,11,0,164685,1524679,630675,3,52,Yes,Single,Business,Email,Accident,High,5,34,No,0
06000580,68,2569712,0,4,34807,1626546,512385,2,52,No,Other,Business,App,Life,Low,12,3,No,0
06000581,37,544199,6,2,166516,685309,412342,6,28,Yes,Married,Business,App,Life,Low,9,37,No,0
06000582,34,1195174,16,2,129037,2603189,1043997,2,85,No,Single,Professional,App,Life,Medium,11,26,Yes,1
06000583,48,531247,3,5,104458,4489515,533515,4,71,Yes,Other,Professional,App,Accident,Medium,8,33,No,0
06000584,38,2424174,11,2,45134,3350043,649762,2,60,No,Other,Business,Email,Life,Low,2,12,No,0
06000585,56,2573420,11,1,176279,4223246,1004152,3,45,No,Single,Salaried,Phone,Health,Medium,7,16,No,0
06000586,27,1061156,0,0,165647,2037989,1006494,6,48,No,Single,Business,App,Health,High,3,36,No,1
06000587,26,2277663,5,2,41042,2121315,1137683,2,35,No,Single,Salaried,Phone,Accident,Low,3,51,Yes,1
06000588,29,2488196,5,3,45185,2379138,896591,1,60,No,Single,Professional,Email,Health,High,5,21,No,0
06000589,31,1181522,8,2,140826,2644703,842659,1,32,No,Other,Professional,Phone,Life,High,0,43,No,0
06000590,65,770581,25,1,174449,1551854,38879,3,35,No,Married,Professional,Phone,Accident,Medium,3,1,Yes,1
06000591,27,514829,8,1,77087,3805408,1127276,1,54,Yes,Other,Salaried,Email,Accident,Medium,12,18,No,1
06000592,31,2724142,18,2,26353,2063861,1033288,5,92,Yes,Single,Salaried,Phone,Health,Low,5,6,No,1
06000593,42,2373253,8,4,120299,1111436,747350,2,56,No,Single,Business,Phone,Accident,Medium,9,55,No,1
06000594,48,2989503,5,0,32654,2605499,847095,6,55,Yes,Married,Salaried,Email,Life,Low,12,20,No,0
06000595,65,1813802,24,1,46835,2720016,1118491,1,72,Yes,Single,Business,Email,Accident,High,6,28,Yes,0
06000596,62,848670,16,1,123459,3763818,367179,1,33,Yes,Married,Business,Phone,Health,High,9,18,No,0
06000597,58,565988,19,0,176110,4211110,623113,3,67,No,Other,Salaried,App,Health,Low,5,8,Yes,1
06000598,36,755228,19,3,126969,3197101,246818,3,88,No,Single,Professional,Phone,Life,Low,2,51,Yes,0
06000599,35,1498595,2,3,152786,2195058,229157,5,40,Yes,Married,Salaried,App,Accident,High,10,50,Yes,1
06000600,37,429607,13,0,71238,1241577,132308,6,20,Yes,Other,Business,Phone,Health,Low,12,10,No,0
06000601,35,265198,2,1,26186,1565016,973437,6,55,No,Married,Salaried,Phone,Life,High,4,27,Yes,1
06000602,35,1866943,24,4,77591,1206100,495526,4,58,Yes,Married,Business,Phone,Accident,High,10,25,No,1
06000603,47,656180,2,3,101921,3990049,999939,2,74,No,Other,Professional,App,Accident,Medium,1,14,No,0
06000604,48,589502,9,1,6385,3471467,1184161,5,46,Yes,Single,Professional,Email,Life,Low,5,51,No,1
06000605,43,1858548,23,3,87050,4219616,42076,2,44,No,Other,Professional,Email,Accident,High,0,49,Yes,1
06000606,63,312004,2,1,116657,1924292,718222,1,32,No,Other,Salaried,Email,Life,Medium,4,13,No,0
06000607,62,1588042,14,0,34378,1124957,1188629,2,87,No,Other,Professional,Phone,Accident,High,3,36,Yes,1
06000608,47,1870152,20,2,92235,4202031,392435,5,45,No,Other,Business,App,Accident,Low,2,16,No,1
06000609,62,1296442,8,0,162751,1159306,1118687,1,42,Yes,Single,Business,App,Health,Medium,7,29,Yes,0
06000610,54,2933973,23,0,87458,1486795,414808,3,45,No,Married,Salaried,Phone,Life,High,11,29,Yes,1
06000611,32,2213174,1,4,74122,477074,359869,5,66,No,Single,Salaried,App,Health,Low,7,38,No,0
06000612,46,1012588,22,3,53790,2004835,489005,1,62,Yes,Single,Salaried,Phone,Life,High,5,41,No,1
06000613,53,2775787,7,4,111412,1549369,201532,1,76,Yes,Single,Business,App,Life,Low,1,46,No,0
06000614,26,1456038,22,5,39653,3327716,917673,2,85,No,Other,Salaried,App,Health,Low,2,18,Yes,1
06000615,23,1663857,18,3,62596,4418843,308973,3,67,Yes,Married,Business,Phone,Health,Medium,8,20,Yes,0
06000616,30,1236465,3,3,179767,3514407,515459,6,44,Yes,Single,Salaried,Email,Health,Low,6,31,No,1
06000617,50,2081099,3,0,29246,1033238,697913,6,92,Yes,Married,Professional,App,Health,Medium,4,7,Yes,1
06000618,58,583178,3,1,159615,3201504,278719,1,47,No,Single,Business,Email,Life,Medium,1,29,Yes,1
06000619,59,2664706,24,1,22062,2971854,167939,1,64,Yes,Single,Business,Phone,Life,Low,8,29,Yes,1
06000620,33,2802693,14,1,144223,3148637,259853,2,24,Yes,Single,Business,Email,Accident,Medium,3,52,No,0
06000621,53,284020,20,3,114118,1386354,536793,2,61,Yes,Other,Business,Email,Health,High,8,53,No,0
06000622,52,2383556,20,3,40290,1063762,240312,2,45,Yes,Single,Salaried,Phone,Accident,Medium,5,14,Yes,1
06000623,28,2974316,25,4,151965,1663410,1188835,2,58,Yes,Married,Business,Phone,Health,High,8,27,Yes,1
06000624,44,2753272,20,5,153964,2855531,610722,4,24,No,Married,Professional,Email,Life,Medium,10,41,No,0
06000625,40,1510415,8,4,57147,4150016,808315,4,86,No,Single,Professional,Email,Accident,Medium,12,45,Yes,1
06000626,22,611392,24,4,159545,1255060,1115669,1,64,No,Single,Professional,Phone,Health,Medium,0,49,No,0
06000627,55,1611576,13,4,85331,1917738,1067483,4,49,No,Other,Salaried,Phone,Life,Low,4,39,No,0
06000628,55,1853650,1,4,147791,779013,83520,6,66,No,Single,Salaried,Email,Accident,Low,4,24,Yes,0
06000629,43,1093494,2,4,53408,1086365,1147223,5,79,Yes,Married,Professional,Email,Life,High,10,51,No,1
06000630,34,2040300,17,2,162922,4382185,247758,4,29,Yes,Other,Salaried,Email,Health,High,2,39,No,0
06000631,27,2845580,17,2,177565,583943,1157987,5,94,No,Other,Professional,Phone,Health,Low,1,7,No,1
06000632,27,587215,22,2,99773,4014519,318780,6,54,Yes,Married,Salaried,Phone,Accident,Medium,12,41,Yes,1
06000633,61,305111,24,0,173367,2753362,1098263,6,75,No,Single,Professional,Email,Health,High,3,9,No,1
06000634,69,1998118,18,4,135169,2292277,586333,1,91,Yes,Married,Salaried,App,Accident,Medium,1,41,Yes,1
06000635,61,265816,20,4,85683,1926011,679969,3,66,Yes,Single,Professional,Email,Life,High,9,33,No,0
06000636,36,2060060,20,5,42479,1898006,1052369,2,64,No,Married,Professional,App,Health,High,12,13,No,0
06000637,32,1136019,5,2,62351,2291380,696125,6,76,No,Single,Professional,App,Accident,Medium,2,18,No,1
06000638,51,1223680,12,1,80540,2015911,207364,2,26,No,Other,Professional,Phone,Accident,High,11,15,No,0
06000639,51,2884902,7,2,49208,2419052,307654,5,46,No,Other,Business,App,Life,Low,10,23,Yes,1
06000640,54,1215008,22,1,60383,3369847,246595,6,93,Yes,Married,Professional,Email,Health,High,2,12,Yes,0
06000641,41,2718135,2,4,133084,1908244,742532,6,73,Yes,Other,Business,Email,Accident,High,10,49,No,1
06000642,41,1877847,22,3,94745,2534420,892924,2,47,No,Married,Professional,Email,Accident,High,12,41,Yes,0
06000643,30,1554007,4,2,48543,3122731,360108,3,54,Yes,Other,Salaried,Phone,Life,Low,0,30,No,0
06000644,55,293180,18,5,122798,13597,629063,5,41,No,Other,Business,Email,Life,Low,0,10,No,1
06000645,68,2731275,0,0,89950,3355592,1031389,4,28,Yes,Married,Salaried,Phone,Life,High,12,13,No,0
06000646,53,412065,18,2,52423,4143676,566796,4,85,No,Married,Salaried,App,Health,High,3,52,No,1
06000647,46,2558154,7,2,35635,2344770,846727,3,58,No,Single,Business,Phone,Accident,Medium,0,14,No,0
06000648,46,1789230,10,4,40470,4443629,913239,3,70,No,Single,Business,Phone,Health,Low,11,48,Yes,0
06000649,21,2890266,16,2,102499,893570,331082,2,95,No,Married,Business,App,Life,Low,3,9,No,1
06000650,33,631609,6,4,149096,211146,43734,4,65,Yes,Single,Professional,App,Accident,High,2,15,Yes,1
06000651,22,569733,10,5,102293,3602881,922607,1,20,No,Other,Professional,Phone,Life,Medium,4,50,Yes,0
06000652,42,998096,8,3,78019,4212318,308613,4,43,No,Single,Salaried,Email,Life,High,3,30,No,1
06000653,57,319810,23,3,26621,2511131,358083,3,69,No,Married,Business,Phone,Life,Low,0,18,No,0
06000654,39,2169969,15,5,78154,3140837,478696,5,28,Yes,Other,Salaried,Phone,Health,Medium,8,18,No,0
06000655,25,1246125,10,3,138196,4392912,551766,3,70,Yes,Married,Business,App,Health,High,1,54,Yes,1
06000656,26,743794,2,3,53348,1170177,668216,2,46,Yes,Other,Professional,Email,Health,Low,0,36,No,0
06000657,40,1228127,11,1,106286,2628200,71582,4,62,No,Single,Salaried,Phone,Life,Medium,9,15,No,0
06000658,58,2527383,5,2,179286,3649243,535318,1,75,Yes,Other,Business,Phone,Accident,Low,3,25,Yes,0
06000659,40,2922512,16,1,166327,4200545,370210,1,39,No,Other,Business,Email,Health,Medium,6,53,No,0
06000660,58,2695419,6,4,79983,2160923,1124442,1,30,Yes,Other,Professional,Email,Accident,High,9,12,No,0
06000661,25,2930455,16,4,173642,1117890,372080,1,31,Yes,Single,Salaried,Phone,Health,Low,1,38,No,0
06000662,35,1633471,0,2,108407,2840657,493237,5,38,Yes,Married,Business,App,Life,Low,10,4,No,0
06000663,24,2152386,25,4,161726,2154921,1077372,3,20,Yes,Married,Professional,Email,Accident,Medium,5,40,No,1
06000664,44,514357,11,2,140036,1616593,515424,1,22,No,Other,Business,Email,Accident,High,12,43,No,0
06000665,58,2925319,9,2,164072,4282717,610853,2,84,Yes,Other,Business,Phone,Health,Medium,11,16,Yes,1
06000666,29,2058657,11,0,163839,138009,761050,6,38,No,Married,Business,App,Accident,Low,12,5,Yes,1
06000667,59,1289665,17,1,105754,574403,973259,1,93,Yes,Married,Professional,Email,Health,High,12,29,No,0
06000668,60,1344196,25,1,96584,3163404,749927,2,59,Yes,Other,Business,App,Accident,High,2,18,No,0
06000669,21,1368719,5,2,10168,421647,591017,5,45,No,Married,Salaried,Phone,Life,High,5,18,No,0
06000670,53,2785611,22,4,158328,4077934,823770,5,82,No,Single,Professional,App,Accident,High,10,14,No,1
06000671,26,1504991,21,0,152045,311296,806884,1,95,No,Single,Professional,App,Life,Medium,0,48,No,1
06000672,32,1828004,4,2,139842,2291651,179050,1,24,No,Other,Professional,Phone,Life,Low,12,25,Yes,0
06000673,60,2731423,9,5,78206,2169374,303158,2,52,Yes,Married,Professional,Phone,Accident,Low,10,39,No,1
06000674,54,2065606,1,3,176801,4416034,71533,6,48,No,Other,Professional,Email,Health,Medium,7,54,Yes,0
06000675,46,1772422,0,2,37898,4104195,31433,2,24,No,Married,Salaried,Phone,Life,Medium,0,7,No,0
06000676,65,2211746,22,1,66013,3103583,144740,2,25,Yes,Single,Salaried,Email,Accident,Medium,10,27,Yes,0
06000677,55,2188208,11,4,115015,2583752,379709,1,72,Yes,Married,Business,Email,Health,High,3,24,No,0
06000678,23,586472,6,5,120409,670103,57600,4,20,No,Married,Business,Email,Accident,Medium,8,24,No,0
06000679,40,2128987,5,4,107317,1402758,917442,2,81,No,Other,Business,Email,Health,Medium,3,17,No,1
06000680,63,2319214,17,0,28231,696614,60091,2,54,No,Married,Salaried,Email,Health,Medium,1,14,Yes,0
06000681,35,395591,14,1,97160,1560017,345220,5,72,No,Single,Business,Email,Life,Low,7,11,Yes,1
06000682,60,2241072,8,1,177369,647235,646863,4,91,Yes,Single,Professional,Phone,Health,Medium,7,44,No,0
06000683,62,475215,18,4,28834,3251364,925156,1,39,No,Other,Salaried,Phone,Accident,High,4,31,No,0
06000684,50,2261084,23,1,101521,3440977,542633,1,22,No,Other,Business,App,Health,Low,8,35,No,0
06000685,29,785946,4,0,145255,3992028,694510,4,24,No,Married,Business,Phone,Health,Low,12,26,Yes,1
06000686,38,1428403,17,0,15747,1045774,965275,6,39,No,Single,Professional,App,Life,High,2,39,No,0
06000687,29,582165,24,4,38806,246172,907690,6,48,No,Single,Business,App,Health,Low,7,44,Yes,1
06000688,44,2722576,7,4,5933,1055284,83836,4,83,Yes,Married,Salaried,Phone,Accident,Low,10,49,No,0
06000689,41,1754157,20,0,105469,2021863,1097785,6,79,No,Single,Professional,Email,Life,High,11,53,Yes,1
06000690,33,2028678,19,3,5880,2757374,654248,6,93,No,Single,Professional,Email,Accident,Medium,1,2,Yes,0
06000691,28,1488095,1,2,120556,3929345,759269,2,39,No,Other,Business,Email,Accident,Low,10,32,No,1
06000692,60,1279329,20,0,19000,18599,645225,4,64,Yes,Single,Professional,Email,Accident,High,11,26,Yes,0
06000693,57,1102229,14,0,97522,384661,305450,3,51,Yes,Single,Business,Phone,Health,High,12,36,Yes,1
06000694,54,1977902,22,2,175579,2176696,498681,6,70,No,Married,Salaried,Phone,Health,High,4,50,No,1
06000695,43,1321783,20,3,61678,4310365,447873,4,45,Yes,Other,Professional,Phone,Life,Low,6,39,Yes,0
06000696,39,628124,13,3,172314,4495214,273365,1,69,No,Other,Professional,App,Accident,High,10,15,Yes,0
06000697,63,2010634,10,1,151471,3687371,687832,6,25,Yes,Other,Business,Email,Accident,Medium,2,43,Yes,0
06000698,55,2225707,2,1,48467,3512948,827236,6,50,No,Married,Professional,App,Life,Low,4,41,Yes,0
06000699,41,1755021,13,5,145137,2371929,592598,3,64,Yes,Other,Business,App,Health,Medium,0,38,Yes,0
06000700,43,1050973,24,2,109965,1045468,134881,4,66,Yes,Married,Professional,Email,Life,Medium,3,19,No,1
06000701,30,1938172,11,1,89637,1147168,205341,6,84,Yes,Other,Salaried,App,Accident,High,5,17,No,0
06000702,69,2946435,17,2,171197,1252214,140513,3,91,No,Other,Professional,Email,Life,Medium,1,2,No,0
06000703,47,719935,10,4,58740,633066,1142750,3,33,No,Other,Professional,Email,Life,Low,10,24,Yes,1
06000704,67,2759560,18,2,24820,2609592,836684,2,79,No,Single,Salaried,Phone,Accident,Low,12,30,No,1
06000705,47,1476670,3,4,117291,4132502,501099,1,94,No,Married,Professional,App,Life,Medium,5,4,Yes,1
06000706,48,1072681,22,2,154344,3505703,819896,4,78,Yes,Married,Business,Email,Life,Medium,8,37,No,1
06000707,57,2753901,16,5,174165,363917,1080269,5,28,No,Single,Salaried,Phone,Life,High,4,5,Yes,1
06000708,42,503924,10,4,134559,2770796,1188161,4,28,No,Single,Salaried,Phone,Accident,Medium,8,16,Yes,0
06000709,62,2083849,20,1,106069,2585638,564756,5,33,No,Married,Business,App,Health,Medium,7,31,Yes,0
06000710,46,1032954,0,5,120846,2228300,521486,5,79,No,Other,Salaried,App,Health,High,6,16,No,0
06000711,65,484767,10,1,46229,1871281,1091358,5,73,Yes,Single,Business,App,Health,Low,4,48,Yes,0
06000712,24,461656,23,3,155499,1479008,519121,5,44,No,Single,Salaried,App,Health,Medium,5,29,No,0
06000713,46,1988186,2,0,80180,2393208,925228,1,20,Yes,Married,Salaried,Phone,Accident,Medium,5,13,No,0
06000714,52,1448522,20,1,11913,1416717,550582,3,46,Yes,Single,Salaried,App,Health,High,2,19,Yes,0
06000715,24,2706863,5,3,26194,398601,171728,1,57,Yes,Single,Salaried,Phone,Health,Medium,10,1,Yes,0
06000716,41,2606998,3,5,72031,3430373,486303,5,86,Yes,Single,Business,Email,Accident,Low,12,0,Yes,1
06000717,65,2727586,19,3,87907,473709,807110,3,54,Yes,Single,Business,App,Health,Low,7,14,Yes,1
06000718,54,2180330,12,4,49713,517816,777610,4,40,No,Married,Business,Email,Life,High,12,46,No,0
06000719,52,2820923,16,4,106067,3730845,395807,1,60,Yes,Other,Business,Email,Life,Medium,3,50,No,1
06000720,45,2737153,22,0,60314,1131806,656075,3,36,Yes,Married,Professional,App,Health,Low,3,4,No,0
06000721,39,2840097,22,5,25860,554015,1061843,2,40,No,Married,Salaried,App,Life,Medium,11,13,Yes,0
06000722,52,1229564,7,1,6736,1387610,18015,1,33,Yes,Married,Business,Email,Health,Low,0,18,Yes,0
06000723,62,1486296,17,3,150179,375457,264833,6,73,No,Married,Professional,Email,Accident,Low,7,32,No,1
06000724,22,2097795,8,3,45156,3391426,240105,3,74,No,Single,Professional,Email,Accident,Low,4,25,No,0
06000725,34,1589253,9,5,177683,2897770,1112951,3,78,No,Other,Professional,Phone,Life,Low,7,20,No,1
06000726,49,2952605,11,5,73971,2313760,774631,2,71,Yes,Other,Salaried,Phone,Health,Medium,8,44,Yes,1
06000727,34,1344019,8,4,98816,4101877,606307,5,40,Yes,Married,Professional,App,Accident,Medium,11,15,No,0
06000728,30,906842,8,5,160742,1337349,420697,6,28,No,Single,Business,Email,Accident,Medium,3,26,No,1
06000729,51,1735841,25,2,107958,3177180,499149,2,75,Yes,Married,Business,Phone,Life,Low,4,38,Yes,1
06000730,56,2657501,6,2,122632,1260327,1193936,3,52,Yes,Single,Professional,Email,Life,Low,9,29,No,1
06000731,48,2455915,14,0,62969,2601604,3387,5,59,Yes,Married,Business,Email,Accident,Low,5,23,Yes,1
06000732,35,925808,16,4,25527,3412731,456613,3,36,No,Single,Professional,App,Life,High,1,44,No,1
06000733,63,2647626,0,0,162804,4239434,434218,1,74,Yes,Married,Business,Phone,Life,High,4,34,Yes,0
06000734,40,530228,18,4,102173,2529037,758759,1,84,Yes,Single,Business,Email,Health,Medium,6,28,Yes,1
06000735,36,909587,17,0,135670,150296,1043169,5,70,No,Married,Professional,App,Health,Medium,10,14,No,1
06000736,23,1146485,22,0,108189,1413027,1028327,4,48,No,Married,Business,Email,Life,Low,10,24,No,0
06000737,65,1688799,5,2,82968,926476,130996,1,85,No,Married,Professional,Phone,Health,Medium,0,42,Yes,0
06000738,25,2636587,19,2,62080,1748852,91079,3,70,No,Married,Business,Email,Accident,Low,0,51,Yes,1
06000739,34,2217239,21,2,104256,1958640,1079911,5,46,No,Single,Business,Email,Accident,Medium,5,31,No,0
06000740,65,2259787,13,1,32612,1812358,241778,3,47,No,Single,Professional,App,Accident,High,1,6,No,1
06000741,39,2941279,4,0,116140,1015569,638240,2,71,Yes,Other,Professional,Email,Life,Medium,9,11,Yes,1
06000742,35,675591,6,1,10610,1831914,59546,4,53,Yes,Other,Salaried,Phone,Health,Medium,1,2,No,0
06000743,37,500178,0,1,111751,2674388,675307,5,56,No,Single,Salaried,Phone,Accident,High,0,11,No,0
06000744,64,2329919,18,0,91918,2380162,131753,4,30,No,Married,Professional,App,Health,Medium,1,9,Yes,0
06000745,40,729825,15,5,118674,4152356,1028044,5,36,Yes,Married,Salaried,App,Life,Medium,0,47,Yes,0
06000746,24,663912,15,5,66862,4359402,953054,1,27,No,Other,Salaried,Email,Accident,Medium,2,12,Yes,1
06000747,41,1053139,12,5,133333,3319217,888672,1,53,Yes,Single,Business,Phone,Health,Medium,7,32,No,0
06000748,52,2704720,19,4,38391,375019,904044,6,53,No,Single,Professional,Email,Accident,High,11,48,Yes,1
06000749,34,624288,6,2,164937,4450519,496730,2,39,No,Other,Professional,Email,Life,Low,2,19,Yes,0
06000750,49,1313764,8,2,74778,1437538,883502,6,86,Yes,Married,Business,Email,Health,Medium,2,12,Yes,0
06000751,54,2476721,10,0,57610,3255424,812519,5,44,No,Single,Business,Email,Health,High,3,6,Yes,0
06000752,29,2703491,6,4,62589,4160942,777790,4,50,No,Other,Salaried,Phone,Life,Low,6,2,Yes,0
06000753,53,550059,0,3,11914,4300109,164047,2,32,No,Other,Business,App,Life,High,1,54,No,0
06000754,60,2683163,3,2,71268,3073379,357800,6,74,Yes,Other,Professional,App,Accident,High,4,31,Yes,1
06000755,38,1576076,13,0,115353,1595562,919456,3,43,No,Other,Business,Email,Health,Medium,10,45,Yes,0
06000756,59,1487753,9,2,142946,836187,1025241,3,61,No,Married,Professional,App,Accident,Low,1,2,No,1
06000757,53,2358925,23,0,47164,3888032,95429,3,80,Yes,Single,Professional,Phone,Accident,Medium,12,54,Yes,1
06000758,32,663723,18,3,140936,4061766,685091,4,80,Yes,Single,Professional,Phone,Life,Medium,5,28,Yes,1
06000759,47,1428828,6,0,164310,534089,651545,6,76,Yes,Other,Professional,App,Life,Low,6,31,No,0
06000760,62,1498714,1,0,38707,1187242,331528,6,26,No,Married,Salaried,Phone,Accident,High,3,24,No,1
06000761,34,2175402,5,2,85894,770161,792438,3,93,No,Single,Business,Email,Life,Medium,8,49,Yes,1
06000762,55,1820647,19,0,171137,809452,862609,2,77,Yes,Other,Business,Phone,Accident,High,10,20,Yes,1
06000763,47,2101420,18,1,172161,4316105,1132287,5,85,Yes,Other,Business,Email,Life,High,11,23,No,0
06000764,56,1902826,25,5,31041,2268106,1023864,4,43,No,Single,Professional,Phone,Health,High,2,17,Yes,0
06000765,36,2443505,14,0,140079,2050224,764203,6,89,Yes,Other,Business,Phone,Life,Medium,6,6,No,1
06000766,34,2053950,2,5,74991,4130681,134513,2,23,Yes,Married,Business,Email,Accident,Medium,3,1,Yes,0
06000767,39,452210,2,2,22785,4358145,1107137,5,41,Yes,Single,Business,Phone,Life,Low,4,16,Yes,1
06000768,35,1527281,0,4,39699,2488481,74485,4,80,No,Other,Salaried,Phone,Life,Low,9,31,Yes,1
06000769,23,371125,8,5,37691,1567569,623927,5,68,Yes,Married,Professional,Phone,Accident,Medium,3,40,No,1
06000770,50,2463748,8,5,142663,442264,219374,3,74,No,Married,Business,Email,Life,High,3,41,Yes,0
06000771,50,1917245,17,1,69201,1016271,1111836,4,41,No,Married,Professional,Email,Life,Medium,9,26,Yes,1
06000772,58,1922582,13,3,90867,1806099,330970,4,30,No,Single,Business,Email,Accident,High,9,36,No,0
06000773,52,1510252,4,0,84728,1612597,145288,4,27,Yes,Other,Salaried,App,Accident,Medium,10,55,Yes,0
06000774,58,2426555,12,0,158688,1517843,595821,5,56,Yes,Married,Salaried,App,Life,Medium,2,35,No,0
06000775,53,2579808,7,0,75824,222211,414224,4,37,Yes,Other,Business,Email,Health,High,10,5,No,1
06000776,59,2342411,17,1,137191,3558820,1089320,5,95,Yes,Other,Professional,Email,Life,Low,12,32,Yes,1
06000777,21,1974299,17,5,142444,3106460,87624,2,92,Yes,Married,Professional,Email,Health,High,12,19,No,1
06000778,69,2364886,12,4,143328,1930329,864010,6,28,No,Married,Salaried,App,Health,Medium,8,6,Yes,1
06000779,27,2706915,0,5,141466,449292,1128239,6,56,No,Single,Professional,App,Health,Low,1,15,No,1
06000780,21,2683715,21,5,169802,1363085,1051513,2,59,No,Other,Salaried,App,Health,High,3,12,No,1
06000781,46,1752500,15,4,147405,2219779,930791,1,47,No,Married,Salaried,Phone,Health,High,4,32,No,1
06000782,43,2274498,18,1,60211,301928,671683,6,66,Yes,Single,Business,Email,Health,Low,8,13,Yes,1
06000783,45,2457802,15,2,154372,563322,801940,4,93,No,Other,Salaried,Email,Accident,Low,12,43,No,0
06000784,29,1723266,19,4,11251,3298866,1043746,6,52,No,Single,Salaried,App,Accident,Medium,8,22,Yes,1
06000785,59,542464,19,4,72214,327627,336708,1,34,No,Married,Professional,Email,Health,Low,9,22,Yes,1
06000786,29,2628421,9,0,35484,4480417,762962,1,68,No,Married,Salaried,Phone,Accident,High,8,46,Yes,1
06000787,25,1683957,23,2,14306,4308563,213684,1,20,Yes,Single,Business,App,Life,High,10,8,No,0
06000788,31,1862668,2,4,124202,2451761,55562,4,86,Yes,Other,Salaried,App,Life,Low,3,34,Yes,1
06000789,33,268123,24,5,73353,2767988,960723,4,28,No,Married,Professional,Email,Accident,High,11,18,Yes,1
06000790,48,1619726,4,2,179204,540489,545567,4,68,No,Married,Salaried,Email,Health,Low,11,2,No,0
06000791,46,2695183,13,1,55761,2308551,200598,4,41,Yes,Other,Business,Phone,Accident,High,3,2,Yes,1
06000792,43,1433032,16,3,175214,4273284,816614,4,45,Yes,Other,Salaried,App,Accident,Low,11,2,Yes,0
06000793,28,2009060,15,1,123381,2874540,284250,5,91,No,Other,Professional,Phone,Accident,High,5,52,No,0
06000794,46,2508756,22,5,175961,2330749,856435,5,57,No,Other,Professional,Phone,Life,Medium,7,44,No,1
06000795,46,2462934,8,2,110022,2797044,545669,3,53,Yes,Other,Business,Phone,Health,Medium,3,7,No,0
06000796,32,1528379,10,3,68726,1806871,782949,1,72,No,Married,Business,App,Health,Medium,9,47,No,0
06000797,43,2155302,5,0,17810,2053295,593504,3,59,No,Married,Salaried,Phone,Accident,Low,0,6,Yes,1
06000798,45,2961828,0,3,155812,2375808,1029830,2,53,Yes,Single,Salaried,Email,Health,High,6,18,No,1
06000799,51,1080157,12,2,35834,2278876,144669,2,89,Yes,Other,Salaried,App,Health,Low,12,53,No,0
06000800,57,2066422,21,1,71269,2179884,547093,1,26,No,Other,Salaried,Phone,Life,Low,10,32,Yes,0
06000801,69,731397,8,5,143931,4285281,562286,5,95,No,Married,Professional,App,Accident,Low,0,51,Yes,0
06000802,25,1876708,22,4,131339,1851689,27106,3,69,No,Single,Professional,App,Life,Medium,4,50,No,1
06000803,64,1714672,16,5,64334,1553452,475498,3,88,No,Single,Salaried,Phone,Health,High,2,52,Yes,1
06000804,27,1898311,0,3,94748,966698,1146372,1,40,No,Other,Salaried,App,Life,Medium,9,35,No,0
06000805,54,2763123,21,4,115553,3464302,29926,4,90,Yes,Other,Business,App,Life,Medium,2,46,No,1
06000806,32,2258382,13,5,172064,4138450,78972,1,49,Yes,Single,Salaried,Email,Health,Medium,9,8,No,1
06000807,61,2154912,11,5,103325,3032343,1039002,4,58,No,Other,Business,App,Life,High,5,49,Yes,1
06000808,67,1930438,9,5,41525,1406820,916468,5,27,No,Married,Professional,Email,Health,High,4,3,No,0
06000809,51,613073,19,0,76229,1061980,1157658,6,38,Yes,Other,Business,App,Health,Low,9,10,No,0
06000810,53,770435,24,2,30410,2598191,274982,6,72,Yes,Other,Professional,Email,Health,High,0,20,Yes,1
06000811,33,1185900,1,2,25748,3668403,1175637,2,76,No,Other,Professional,Email,Health,Low,12,54,Yes,1
06000812,57,2296084,15,1,53153,3379820,240314,3,25,No,Married,Professional,App,Health,High,9,38,Yes,0
06000813,31,2355336,19,2,155343,2084975,938346,3,79,Yes,Married,Salaried,App,Health,Low,10,6,No,0
06000814,53,2140631,21,4,95291,1229421,731755,1,84,Yes,Married,Salaried,Phone,Accident,High,6,51,No,0
06000815,59,1181830,14,0,12949,4261746,651774,2,45,No,Other,Professional,Email,Life,High,7,7,Yes,0
06000816,30,2302704,4,1,147338,4417463,759599,2,55,Yes,Other,Business,Email,Accident,Medium,7,25,Yes,0
06000817,68,874053,7,3,117768,2783550,665988,4,62,Yes,Single,Business,Phone,Life,Medium,11,3,No,0
06000818,27,784093,20,1,150304,1340774,773186,2,77,Yes,Single,Business,Phone,Health,High,5,38,Yes,1
06000819,36,1925004,25,2,15177,4408029,421257,3,30,Yes,Married,Business,Phone,Health,Medium,12,30,No,1
06000820,21,2736239,8,4,162914,519823,1131174,1,68,Yes,Other,Professional,App,Health,Medium,11,6,No,1
06000821,30,2483053,12,2,9767,1151513,260761,4,49,No,Married,Professional,App,Accident,Low,11,15,Yes,0
06000822,38,1874972,13,4,116879,2741646,219504,2,34,Yes,Single,Business,Phone,Life,Medium,6,35,No,0
06000823,45,2220194,23,2,87927,2593516,1106921,2,66,No,Married,Professional,Email,Accident,Low,11,46,Yes,0
06000824,24,1586620,21,4,18959,2331342,1086705,4,39,Yes,Married,Professional,App,Accident,Low,6,29,No,0
06000825,44,1568711,25,1,25583,2492899,228348,2,71,No,Other,Professional,Email,Accident,High,9,9,Yes,1
06000826,31,2373054,8,1,96907,3356089,564532,6,67,No,Other,Business,Email,Health,Low,0,5,No,1
06000827,44,1201772,22,2,136578,2925361,126501,5,49,Yes,Other,Business,Phone,Accident,Low,12,0,No,1
06000828,54,2451480,13,4,8656,3332778,1076404,4,89,Yes,Single,Salaried,Email,Accident,High,6,4,No,1
06000829,52,665029,6,3,171269,2849580,197330,1,86,Yes,Married,Salaried,Phone,Accident,Low,6,11,Yes,0
06000830,59,1568240,10,5,16570,2436988,117723,6,34,Yes,Married,Business,Phone,Life,Medium,6,48,No,0
06000831,53,459326,8,4,111302,3888428,699979,3,82,Yes,Married,Business,Phone,Life,Medium,9,32,Yes,1
06000832,33,2813750,1,3,178531,3058945,1040346,2,90,No,Single,Business,Phone,Accident,High,10,10,Yes,1
06000833,69,802706,17,1,173926,3834248,917429,2,57,No,Married,Professional,Phone,Life,High,7,30,No,0
06000834,54,2344814,21,2,11476,2128963,340840,5,63,No,Married,Business,Phone,Health,High,5,49,Yes,0
06000835,32,2263959,4,4,143643,1373467,488426,2,27,Yes,Other,Business,Phone,Accident,Medium,5,24,No,0
06000836,49,1386182,21,1,100737,2261545,1116110,1,76,Yes,Other,Professional,Phone,Life,High,11,53,No,0
06000837,29,1542493,10,3,58086,1007773,1128869,3,91,No,Other,Salaried,Email,Accident,High,3,13,Yes,1
06000838,39,2493240,22,0,72959,282151,615045,5,85,No,Other,Salaried,Email,Health,High,1,6,No,1
06000839,59,1040803,10,0,82650,1994396,481578,1,82,No,Other,Business,Email,Health,Medium,10,47,Yes,0
06000840,51,2291604,18,5,58423,3722881,631751,5,93,No,Married,Professional,App,Accident,High,0,45,Yes,1
06000841,60,1500417,19,2,154393,4133808,525687,1,44,No,Married,Salaried,Phone,Life,High,1,15,No,0
06000842,37,2370299,3,3,132386,430972,766250,3,81,No,Married,Professional,Phone,Life,Low,8,35,Yes,1
06000843,42,2278513,22,0,40681,655673,1149994,1,80,No,Married,Salaried,Email,Accident,Low,12,39,Yes,0
06000844,34,1558569,23,1,169195,3046625,745186,2,50,Yes,Other,Professional,App,Accident,High,7,40,Yes,0
06000845,48,799850,24,1,18766,2150702,1141185,4,67,Yes,Married,Salaried,App,Life,Medium,0,6,Yes,1
06000846,54,2342313,25,4,91972,449001,1001375,3,94,Yes,Other,Business,Email,Health,Low,2,1,No,1
06000847,64,1379762,20,1,60712,2349658,901273,5,94,Yes,Other,Salaried,App,Accident,Low,1,34,No,1
06000848,56,2774167,2,1,115944,2250198,500657,1,52,Yes,Other,Salaried,App,Life,Low,4,53,Yes,0
06000849,40,440067,19,5,25143,3202563,7229,5,40,Yes,Married,Salaried,App,Accident,Medium,6,11,No,1
06000850,21,1645322,0,2,122245,486086,998829,1,21,No,Married,Professional,App,Life,Medium,12,15,Yes,1
06000851,60,2008948,8,1,59127,263039,678679,3,42,No,Other,Salaried,Email,Accident,Low,8,0,Yes,0
06000852,37,1167428,11,1,125520,3548774,872127,3,89,Yes,Married,Salaried,Phone,Health,High,8,18,Yes,0
06000853,43,627763,16,3,85101,3506892,136750,3,31,Yes,Married,Business,Phone,Accident,High,4,48,No,0
06000854,23,1529511,20,5,149474,930599,757520,1,60,No,Single,Business,Phone,Health,Medium,8,28,No,1
06000855,51,680364,24,3,54996,1205006,559174,5,58,No,Other,Professional,Phone,Accident,Low,11,9,No,1
06000856,22,863653,11,5,13813,3546042,901385,5,46,No,Single,Professional,Email,Health,Low,1,19,No,0
06000857,50,1138660,20,3,59898,4334076,293973,5,89,No,Married,Professional,App,Life,Medium,10,32,Yes,1
06000858,50,1045852,25,1,119722,1909026,604896,4,94,Yes,Married,Salaried,Email,Accident,High,10,44,Yes,1
06000859,48,1657378,18,1,54893,4218272,844647,2,24,Yes,Single,Salaried,Phone,Health,Medium,0,42,No,0
06000860,50,2484010,13,3,137269,3893359,970165,1,33,Yes,Married,Salaried,App,Life,Medium,0,55,Yes,1
06000861,32,1057405,25,3,61862,1296687,1140613,1,95,No,Other,Professional,App,Health,Medium,2,54,No,0
06000862,33,1975051,16,5,129458,3881866,1012314,4,28,Yes,Single,Business,Email,Life,Low,0,43,Yes,0
06000863,45,576905,14,1,62215,4215832,850939,1,53,Yes,Single,Salaried,App,Life,High,10,1,Yes,0
06000864,50,867660,11,1,146781,2760862,48012,6,61,No,Single,Salaried,Email,Life,High,3,17,Yes,0
06000865,55,345739,9,4,109620,1858224,646636,2,62,Yes,Other,Business,Phone,Accident,High,7,29,No,0
06000866,38,758264,19,5,151911,1968231,907234,2,47,No,Single,Business,Email,Accident,Low,9,49,Yes,1
06000867,67,498114,1,0,74548,2495452,1129423,2,43,No,Other,Salaried,App,Accident,Medium,11,49,Yes,0
06000868,35,2451826,13,1,146322,507822,51515,1,31,Yes,Other,Professional,App,Accident,High,2,29,No,1
06000869,28,2203549,18,3,175002,135262,189836,4,94,No,Single,Professional,App,Accident,Low,10,17,Yes,1
06000870,38,1302109,6,3,152291,2053250,1147608,3,62,No,Married,Business,Email,Life,High,10,31,No,0
06000871,59,1615519,4,0,102310,3416415,1086951,6,37,No,Single,Business,Phone,Health,Low,1,42,Yes,1
06000872,35,700273,4,0,169403,1842377,374457,3,48,Yes,Single,Salaried,Phone,Accident,Medium,9,43,No,0
06000873,39,1297189,17,2,149174,4070198,226754,2,55,Yes,Single,Salaried,Email,Health,Medium,12,53,No,0
06000874,42,1360289,0,2,60697,1212764,653844,5,49,Yes,Single,Business,App,Health,High,7,5,No,0
06000875,23,2802476,4,0,54686,344452,135362,1,74,Yes,Other,Salaried,Email,Accident,Medium,9,7,No,0
06000876,44,1061566,17,3,177059,3776666,395485,1,29,No,Married,Salaried,Phone,Life,High,7,6,No,0
06000877,53,1073076,6,4,36880,493211,596805,5,58,Yes,Married,Salaried,App,Health,Low,10,52,No,0
06000878,22,2833527,7,5,9071,3453471,97380,2,32,No,Married,Business,Email,Health,High,8,51,Yes,1
06000879,32,1752042,2,2,99484,260342,1095670,3,63,No,Other,Professional,Phone,Accident,Medium,6,34,Yes,1
06000880,32,1001347,25,4,140233,2076017,113354,1,44,Yes,Married,Business,App,Life,Low,8,50,No,1
06000881,41,1992060,14,5,52289,3884622,1188507,4,54,No,Other,Business,Phone,Life,High,9,32,Yes,0
06000882,68,2007898,2,4,159787,3892330,395348,4,81,No,Married,Salaried,Phone,Life,Low,11,39,Yes,0
06000883,59,781325,0,5,16844,677985,518794,4,93,No,Single,Professional,Phone,Life,High,2,40,No,0
06000884,67,538360,9,5,171435,2734306,1194893,6,89,No,Single,Business,Phone,Accident,High,4,51,Yes,0
06000885,65,487653,18,0,42989,1098041,1062664,4,34,No,Other,Professional,Phone,Accident,High,7,2,No,0
06000886,34,2032604,14,0,49490,480336,502328,6,23,No,Single,Business,App,Life,Low,0,4,Yes,1
06000887,61,2811768,2,4,171583,1675589,199588,5,25,Yes,Married,Salaried,Phone,Accident,Low,2,15,Yes,0
06000888,33,2027402,12,4,175967,577159,172337,5,64,Yes,Single,Business,Email,Health,Low,10,40,No,1
06000889,26,2874260,3,0,103304,3198048,450802,1,60,Yes,Married,Salaried,Email,Accident,Medium,7,40,No,0
06000890,29,637940,3,1,62650,861942,1143586,5,86,Yes,Married,Business,App,Health,High,3,15,Yes,1
06000891,24,1604946,7,2,94923,1703628,623855,6,43,Yes,Married,Salaried,Email,Accident,Medium,10,16,No,1
06000892,42,434281,24,3,63677,3739439,177502,6,70,No,Married,Business,App,Life,Medium,5,21,No,1
06000893,61,557756,11,5,50137,4321854,1109530,4,25,Yes,Other,Professional,App,Life,Medium,9,21,Yes,0
06000894,60,2272892,21,1,23481,3940406,333718,6,55,Yes,Other,Business,Phone,Accident,Medium,11,7,No,0
06000895,43,1583981,19,3,166319,2808693,224284,2,72,Yes,Other,Professional,Email,Health,Medium,0,49,Yes,1
06000896,46,322791,19,3,76564,1651783,124727,4,59,No,Single,Business,Phone,Accident,Low,1,15,No,0
06000897,61,2886588,13,5,155120,2787596,692503,1,23,Yes,Married,Professional,App,Life,Medium,3,34,Yes,0
06000898,48,1222183,14,4,93092,836765,908867,3,60,Yes,Other,Business,Phone,Health,High,12,12,Yes,1
06000899,63,845186,1,5,35965,2472714,1152236,2,91,No,Single,Salaried,Phone,Life,High,0,45,No,0
06000900,48,1753087,21,2,74012,506393,1137713,5,93,No,Single,Salaried,Phone,Life,High,12,30,Yes,1
06000901,52,2531831,5,4,18477,83420,343962,4,42,No,Married,Professional,Email,Health,Low,6,9,Yes,1
06000902,69,456774,4,0,114974,132040,2455,1,56,No,Married,Professional,Phone,Accident,High,10,6,Yes,0
06000903,41,352425,12,0,49058,4192472,632255,4,56,No,Married,Professional,Phone,Life,Low,4,44,Yes,0
06000904,22,1934138,24,1,136196,918000,314516,2,36,Yes,Married,Professional,Email,Life,Low,2,24,Yes,1
06000905,49,2743265,8,1,155326,1008859,886704,4,41,No,Other,Professional,Email,Life,Medium,4,47,No,0
06000906,36,2650587,6,3,95424,4154602,444700,5,40,Yes,Married,Business,Phone,Health,Medium,7,53,No,0
06000907,21,2284829,9,3,35209,3891995,941817,4,45,Yes,Single,Salaried,Phone,Life,High,10,40,Yes,1
06000908,52,2503978,0,4,59166,985483,206356,6,84,No,Married,Professional,App,Life,Medium,0,5,No,1
06000909,36,360285,2,5,51284,4367521,912410,5,24,No,Other,Professional,App,Life,Medium,7,50,No,0
06000910,50,2456923,17,0,150344,3929743,265021,1,80,Yes,Single,Professional,App,Health,Low,3,30,No,0
06000911,24,2369062,19,1,50454,29933,898323,5,43,No,Single,Business,Email,Health,Medium,6,45,Yes,1
06000912,41,2231161,23,3,126818,918188,132118,2,75,No,Other,Business,Email,Life,Low,11,24,Yes,1
06000913,54,2339902,6,4,27947,758091,885178,4,41,No,Married,Salaried,App,Life,Medium,6,55,Yes,0
06000914,64,1276892,19,1,132025,3199122,477154,2,50,No,Other,Professional,Phone,Accident,Low,3,26,Yes,1
06000915,55,1471041,10,4,128556,3843223,639110,1,24,Yes,Single,Salaried,App,Life,Medium,8,48,Yes,0
06000916,49,2339850,25,1,26753,2710375,368051,5,93,Yes,Married,Professional,Phone,Health,High,2,50,No,0
06000917,52,2184729,22,2,69821,250508,600847,3,80,No,Single,Professional,Email,Health,Low,10,2,No,1
06000918,22,1592204,20,0,65390,4109479,392168,1,45,No,Married,Business,Phone,Health,High,3,4,Yes,0
06000919,41,1899361,7,2,25323,147578,849763,3,26,Yes,Other,Professional,Phone,Accident,Low,0,29,No,1
06000920,68,2262623,8,5,45849,1481709,341427,6,80,Yes,Married,Salaried,App,Life,High,3,44,Yes,1
06000921,62,1340325,2,1,19767,1153112,83627,1,90,No,Married,Salaried,App,Health,High,4,8,No,1
06000922,21,2069189,13,3,23132,3683054,728256,4,87,Yes,Married,Professional,App,Life,Medium,6,54,No,1
06000923,31,829793,12,3,155139,1842762,1105174,5,88,No,Other,Professional,App,Accident,Low,10,14,Yes,1
06000924,60,1442908,17,2,23997,1724453,242661,3,66,No,Other,Salaried,Email,Accident,Medium,1,43,Yes,1
06000925,60,1301484,17,0,108631,1444557,2260,2,47,No,Married,Salaried,Email,Health,Medium,8,36,No,1
06000926,67,606144,23,3,44913,2684746,673875,6,86,No,Married,Business,Email,Life,Medium,12,22,No,1
06000927,65,2048714,10,0,113875,2367391,759554,1,31,Yes,Single,Business,App,Accident,Low,3,12,No,1
06000928,48,2201338,9,0,144868,1576402,101389,3,56,No,Other,Business,Phone,Life,Low,12,32,No,0
06000929,47,1939547,9,5,114463,4224883,339677,4,28,Yes,Married,Salaried,Phone,Health,High,12,47,No,1
06000930,33,700933,16,3,36785,3071255,435823,3,53,Yes,Married,Professional,Email,Life,Medium,1,6,No,1
06000931,49,1896131,25,4,52598,298182,443477,6,87,Yes,Married,Business,App,Life,Medium,6,28,No,1
06000932,61,660650,6,4,20639,4139153,444840,5,46,Yes,Other,Professional,Email,Life,High,8,21,No,1
06000933,35,2911715,7,3,151199,1718795,1105277,2,61,No,Other,Business,App,Life,Low,3,29,No,0
06000934,64,255669,19,2,148125,2861315,450208,5,56,Yes,Married,Professional,Email,Accident,High,3,30,No,0
06000935,52,1301105,10,5,131559,2181805,395266,5,30,No,Other,Salaried,Phone,Health,High,0,7,No,1
06000936,66,1043394,16,0,42876,2572496,1069114,1,69,No,Married,Professional,Phone,Life,Medium,6,28,Yes,1
06000937,35,1786026,2,5,163882,2174676,960627,4,89,No,Single,Salaried,Phone,Life,Low,6,16,Yes,1
06000938,49,1387384,18,1,26308,2599757,611650,4,79,No,Married,Business,Email,Accident,Medium,6,30,No,1
06000939,62,546544,22,2,55412,3973798,1115583,3,32,No,Single,Professional,Phone,Accident,Low,12,23,Yes,1
06000940,26,1552998,13,2,9403,4236796,814530,4,71,No,Other,Professional,Phone,Accident,High,12,53,No,1
06000941,33,2105647,21,5,39607,958063,1060959,4,83,No,Other,Salaried,Email,Health,High,8,51,Yes,1
06000942,48,2733155,14,1,137250,946666,39376,6,31,Yes,Married,Business,App,Life,Low,0,7,No,0
06000943,40,2579560,15,3,20362,3393273,415031,5,44,No,Other,Business,Email,Accident,High,1,44,No,0
06000944,67,486378,7,5,124962,679990,151808,5,65,No,Other,Professional,App,Accident,High,6,24,Yes,1
06000945,67,1124546,24,4,24250,2224393,685471,6,30,No,Married,Professional,Phone,Life,High,7,29,No,0
06000946,63,1120996,6,5,165863,1681912,613162,3,28,No,Single,Business,App,Accident,High,2,38,No,0
06000947,55,1643628,16,3,72733,1900792,903087,1,40,Yes,Other,Salaried,Email,Accident,Medium,4,0,No,0
06000948,54,1134546,21,2,112265,2573777,3667,6,28,Yes,Married,Salaried,Email,Life,Low,4,2,No,0
06000949,41,1138559,14,1,60007,2075277,569483,5,63,Yes,Single,Salaried,Email,Life,Low,5,9,No,0
06000950,30,1220607,19,1,102168,2148987,1098549,6,27,No,Married,Professional,Email,Accident,Medium,11,53,Yes,1
06000951,45,2177567,6,5,159180,2818417,764841,3,43,No,Married,Business,App,Accident,Medium,7,21,Yes,1
06000952,50,827314,17,4,111366,1089749,919717,2,52,No,Other,Salaried,Phone,Accident,High,9,23,No,0
06000953,50,2020186,16,1,63042,273324,1011323,3,54,Yes,Other,Salaried,App,Accident,Low,2,49,No,0
06000954,68,567714,21,5,33387,449964,1082864,4,53,Yes,Married,Professional,Email,Life,Low,5,7,No,1
06000955,59,2545959,21,2,118590,4230130,764619,3,87,Yes,Married,Business,App,Accident,Low,0,36,Yes,0
06000956,56,1318580,13,5,156529,3659013,1095453,2,57,No,Other,Salaried,App,Health,Medium,12,27,No,0
06000957,48,2879180,6,1,34345,495142,468933,5,85,Yes,Married,Professional,Email,Life,High,9,55,Yes,0
06000958,61,1862497,11,3,159620,1463195,157235,5,65,No,Married,Salaried,Phone,Health,Low,9,13,No,1
06000959,64,1983503,12,5,34880,2638081,52854,5,45,Yes,Other,Professional,Phone,Health,Medium,9,41,No,1
06000960,42,2720273,22,1,79754,645163,233764,3,29,Yes,Other,Business,Phone,Accident,High,12,6,Yes,0
06000961,47,1209877,8,2,52475,2269547,913257,6,71,No,Single,Professional,Email,Life,Low,0,23,No,0
06000962,35,455305,23,1,81215,1950832,522443,3,46,Yes,Single,Business,App,Life,High,9,19,Yes,0
06000963,47,1809900,2,1,7434,3186369,1108123,1,42,Yes,Married,Salaried,Phone,Accident,Low,0,6,No,0
06000964,61,580123,21,0,141055,3632655,1128130,6,44,No,Single,Business,Email,Life,High,7,55,No,1
06000965,26,1187375,0,3,178574,3797747,248102,3,79,No,Married,Professional,App,Health,Low,4,22,Yes,1
06000966,69,2465930,17,1,80245,294261,99315,5,66,No,Married,Business,Phone,Accident,Low,2,41,No,0
06000967,62,419444,2,2,70106,2913324,777021,2,83,Yes,Other,Business,App,Life,Medium,10,54,No,0
06000968,49,1266895,4,4,134436,3360654,232494,2,23,Yes,Other,Salaried,App,Health,High,6,13,Yes,1
06000969,45,1184247,9,3,172320,1388545,614622,6,42,Yes,Single,Professional,Phone,Health,Medium,8,25,No,1
06000970,58,1833317,12,2,167434,878621,319043,5,35,Yes,Other,Salaried,App,Life,Medium,9,26,No,1
06000971,44,2742618,13,4,6012,1360903,410554,5,21,No,Other,Professional,Email,Accident,Medium,1,54,Yes,1
06000972,68,2962085,24,0,13920,3998050,34969,5,29,Yes,Married,Salaried,Email,Health,High,5,22,No,0
06000973,47,1085278,13,5,65307,2253676,1056021,4,72,Yes,Married,Professional,Phone,Accident,Low,2,25,No,1
06000974,26,2993991,22,2,87153,3820807,183165,4,57,Yes,Other,Professional,Phone,Health,Medium,0,49,No,0
06000975,41,1948406,7,5,59633,4495767,154171,2,81,Yes,Other,Business,Phone,Accident,Low,3,33,No,0
06000976,32,1194942,11,4,99365,3191229,263261,2,24,Yes,Married,Professional,App,Life,Low,0,16,No,0
06000977,58,2529288,16,3,151634,692581,851567,4,37,No,Single,Business,Phone,Health,High,1,16,Yes,1
06000978,68,1509471,20,5,6377,1397152,535163,1,67,No,Married,Professional,Phone,Accident,High,2,37,No,0
06000979,29,1564713,6,2,22939,3529717,1164708,4,36,Yes,Married,Professional,App,Accident,Low,11,24,No,1
06000980,46,844653,23,2,161452,2152179,813114,1,93,Yes,Married,Salaried,Email,Accident,Low,4,41,No,1
06000981,52,893699,18,2,24056,3311431,720295,6,50,Yes,Single,Salaried,Email,Accident,Low,1,41,Yes,1
06000982,31,286964,15,0,90756,3804890,1062726,4,39,No,Single,Professional,Phone,Accident,Medium,0,25,No,0
06000983,64,268648,8,1,111822,1592674,471030,6,50,Yes,Single,Business,App,Health,High,3,53,No,1
06000984,53,502711,9,4,143778,294457,742976,5,58,No,Other,Professional,Phone,Life,Medium,8,42,Yes,1
06000985,30,2478592,13,1,40118,4022882,309946,1,57,No,Single,Business,Email,Life,Medium,2,23,No,0
06000986,33,2489965,1,3,74780,227320,360091,4,40,Yes,Other,Salaried,Email,Life,Low,12,15,No,1
06000987,45,2319670,4,5,67005,678077,548625,2,31,Yes,Single,Business,Email,Accident,Medium,2,36,No,0
06000988,47,1130211,16,4,55519,139924,12609,3,94,Yes,Single,Business,Email,Accident,Low,0,42,Yes,1
06000989,66,2711074,10,4,137771,2846548,612393,2,93,Yes,Other,Business,Email,Health,High,7,37,Yes,1
06000990,33,704580,20,3,27162,1968402,527543,5,20,No,Other,Business,Email,Life,Medium,3,30,Yes,1
06000991,53,2527043,15,3,55722,2495262,42372,1,33,Yes,Other,Salaried,App,Life,Low,4,14,Yes,1
06000992,39,2915638,4,2,163415,2442418,937417,5,24,Yes,Married,Professional,App,Health,Low,2,52,No,0
06000993,47,2424304,20,1,62586,3501687,860897,3,67,Yes,Married,Professional,Phone,Health,Low,8,12,Yes,1
06000994,35,1088928,1,0,56426,3136145,984998,1,70,No,Single,Professional,Phone,Life,Medium,5,41,No,0
06000995,52,2054930,5,2,92918,1546314,912443,3,92,Yes,Single,Business,Phone,Accident,Low,2,55,No,1
06000996,47,1689567,15,4,148127,1950515,505596,3,45,Yes,Other,Business,App,Health,Low,11,54,Yes,0
06000997,51,1269116,7,1,49525,882194,1092226,6,49,Yes,Married,Professional,App,Accident,High,8,53,No,1
06000998,21,2733052,7,5,71920,2287616,870756,1,53,No,Single,Professional,Phone,Life,High,11,36,No,0
06000999,54,1104389,15,2,87668,3590486,1148623,1,75,Yes,Other,Professional,Phone,Health,Medium,4,12,Yes,0
06001000,61,984860,5,5,156873,2464597,88912,5,29,No,Other,Professional,Email,Accident,High,2,35,Yes,0
