business_application_id,business_age_years,annual_revenue_inr,annual_profit_inr,loan_requested_inr,owner_credit_score,existing_business_debt_inr,monthly_cashflow_inr,tax_filing_years,late_payments_12m,industry,business_type,collateral_type,region,employee_count,has_audited_statements,owner_experience_years,bank_relationship_years,exporter,approved
08000001,33,30041881,4029305,599479,482,2256366,189119,3,4,Services,Proprietorship,None,South,4,No,23,0,Yes,1
08000002,45,3211333,2557622,2181941,570,3659065,592913,19,7,Agriculture,Private limited,Deposit,West,1,No,10,13,No,0
08000003,33,16647822,4986053,1684749,544,3500151,654103,1,1,Retail,Proprietorship,Deposit,East,2,Yes,17,2,No,0
08000004,27,20502236,7972531,509192,817,3991701,264461,18,6,Agriculture,Proprietorship,Property,West,6,No,25,17,Yes,1
08000005,24,31695188,5709931,2674539,775,2508876,254887,20,4,Agriculture,Private limited,None,North,7,No,25,14,Yes,1
08000006,28,26244049,2125195,5570331,674,1120635,672684,25,4,Services,Private limited,None,North,0,Yes,18,12,Yes,1
08000007,57,14114485,3244561,2906027,797,3758814,708003,12,2,Agriculture,Partnership,Deposit,North,5,No,15,11,Yes,0
08000008,37,22483628,4081205,3604631,490,2244283,551702,22,7,Agriculture,Proprietorship,Deposit,East,4,Yes,25,5,Yes,1
08000009,60,14066400,2402079,1231578,817,1553404,42250,1,0,Retail,Proprietorship,Property,South,2,No,23,22,Yes,0
08000010,46,26228475,6169649,5205265,600,1344445,711833,14,3,Retail,Proprietorship,Deposit,South,6,No,0,21,No,1
08000011,62,11389448,1997610,3885443,568,1431286,-20274,1,2,Retail,Partnership,Deposit,East,3,No,9,24,No,0
08000012,25,23252703,1888801,4385386,786,3711089,664347,5,3,Agriculture,Private limited,Deposit,West,0,No,8,15,No,0
08000013,25,26536680,3408728,4714179,649,714384,50805,14,0,Agriculture,Partnership,None,South,6,No,2,10,Yes,0
08000014,37,31695172,480228,1221577,783,2451996,55974,15,0,Agriculture,Private limited,Property,West,8,Yes,4,25,Yes,1
08000015,69,16422343,7019636,5006821,535,1681012,700229,23,4,Manufacturing,Partnership,Property,West,1,Yes,3,20,No,0
08000016,38,17319619,1262969,6262024,801,3699440,80051,19,1,Services,Partnership,Deposit,West,0,Yes,9,23,No,1
08000017,34,27017972,4426139,5096995,591,896255,74883,1,5,Agriculture,Proprietorship,Property,West,6,Yes,15,5,No,0
08000018,40,23190201,5270521,4831508,541,1296053,284050,17,7,Agriculture,Proprietorship,None,South,4,No,7,12,No,1
08000019,29,31218482,3315217,3069530,666,16884,-32059,18,3,Retail,Proprietorship,None,North,1,No,12,10,No,0
08000020,67,31151565,7219697,2629284,540,1734463,832378,21,2,Services,Private limited,None,East,4,Yes,6,2,Yes,0
08000021,56,4373694,680784,5257032,798,2949320,457692,10,4,Services,Proprietorship,None,North,6,Yes,0,17,No,1
08000022,30,29045664,4721616,1785829,623,1912092,227847,3,6,Manufacturing,Proprietorship,None,West,0,No,0,9,Yes,1
08000023,61,7336521,6945341,6357013,673,673942,52416,14,1,Agriculture,Proprietorship,None,West,6,Yes,24,13,Yes,1
08000024,46,18718653,4300019,2293630,812,2801927,687604,9,5,Agriculture,Partnership,Deposit,South,6,No,7,20,No,1
08000025,22,31840645,6486745,1949980,677,3955530,462978,21,7,Agriculture,Proprietorship,None,South,4,No,10,18,Yes,1
08000026,26,21458447,5738898,2114398,556,2005042,-73155,17,0,Services,Proprietorship,Deposit,East,7,Yes,7,3,No,0
08000027,22,32344407,3306386,4506404,710,3681312,82843,6,7,Retail,Partnership,Property,West,4,Yes,11,16,No,1
08000028,58,11950008,6192754,4173977,844,1517232,137782,15,2,Services,Proprietorship,None,South,7,No,16,8,Yes,1
08000029,30,17893752,1853348,917980,763,1946861,44463,23,3,Agriculture,Private limited,Property,North,6,No,22,7,Yes,0
08000030,67,13574006,7299996,3787840,593,2487427,63062,14,1,Agriculture,Proprietorship,None,East,2,Yes,12,6,Yes,0
08000031,68,11624619,6852418,4422987,571,3988348,269837,6,4,Services,Private limited,None,South,6,No,4,17,No,0
08000032,49,11581134,4861057,5080556,602,3811506,132148,1,6,Retail,Proprietorship,Property,West,1,No,15,15,No,0
08000033,43,7142650,7713285,3092936,588,3691972,634170,23,6,Retail,Partnership,Property,East,0,Yes,3,4,No,0
08000034,42,18847465,1011426,1994015,523,649676,471260,16,5,Services,Partnership,None,East,6,No,9,3,No,1
08000035,43,11569937,4993625,2789721,489,703585,845468,5,7,Services,Partnership,None,North,0,Yes,22,24,Yes,1
08000036,22,21011439,7486133,1499187,700,282142,533921,21,2,Retail,Private limited,Property,East,4,Yes,4,14,No,1
08000037,55,19308226,3688908,1872328,694,1159912,162431,3,4,Manufacturing,Private limited,None,South,8,Yes,4,2,Yes,0
08000038,38,15964457,4378443,7496649,515,1987213,432752,9,5,Retail,Partnership,Deposit,North,6,No,12,7,No,0
08000039,42,31868885,4410187,7456408,680,459606,610009,14,7,Services,Private limited,None,East,5,No,18,15,Yes,1
08000040,24,9892867,1139519,5180278,732,2151604,256744,25,7,Agriculture,Private limited,None,South,0,Yes,11,15,No,1
08000041,56,1341965,7250713,3765940,824,444371,697959,25,4,Agriculture,Private limited,Deposit,West,1,No,12,4,Yes,1
08000042,38,14695195,825764,7431086,708,172924,359097,16,1,Services,Private limited,None,East,7,No,22,25,No,0
08000043,41,23619294,4484533,1590488,749,345532,466219,10,3,Agriculture,Private limited,Deposit,South,5,Yes,4,19,Yes,1
08000044,43,9440703,5410851,5844576,752,1225663,393120,13,4,Services,Partnership,None,South,0,No,10,24,Yes,1
08000045,34,29029469,4600312,2990295,803,3031238,162040,9,6,Manufacturing,Proprietorship,Property,North,3,Yes,2,13,No,1
08000046,54,12393626,6439768,6772012,480,209322,671484,3,1,Manufacturing,Private limited,Property,South,5,No,19,16,Yes,0
08000047,29,22938285,6890953,7486916,819,314892,570539,11,7,Retail,Proprietorship,Deposit,East,6,No,12,18,Yes,1
08000048,36,20692395,7420121,6076230,733,3492582,696332,16,3,Agriculture,Private limited,Property,West,7,Yes,6,22,No,0
08000049,31,13423936,5769685,5107938,760,2402654,-44009,11,1,Retail,Private limited,Property,South,1,Yes,6,25,Yes,0
08000050,49,26410584,6913077,6335714,599,2165134,582230,5,6,Services,Private limited,Deposit,North,1,No,11,1,Yes,1
08000051,48,32700896,1261855,6070043,586,2692628,695676,12,4,Agriculture,Proprietorship,Deposit,North,7,Yes,10,16,Yes,1
08000052,21,22142067,465629,950765,761,1587184,837520,12,1,Retail,Proprietorship,Property,North,2,No,24,3,No,1
08000053,25,9894167,4334361,2292895,701,2504731,144889,15,3,Agriculture,Private limited,None,West,5,No,13,17,No,0
08000054,36,27075666,7616657,3023380,635,3199587,842687,23,7,Services,Private limited,Deposit,North,5,No,23,19,No,1
08000055,58,17470184,2921127,7016613,800,3279767,-26108,25,1,Retail,Proprietorship,None,West,5,No,8,22,Yes,0
08000056,24,32324687,1690627,3419922,544,2047137,554811,24,2,Agriculture,Partnership,Property,West,8,Yes,24,9,Yes,0
08000057,54,7960980,5471352,3595276,547,1567204,-18601,0,2,Manufacturing,Partnership,None,West,4,Yes,10,25,No,0
08000058,51,31015109,2461136,1629518,760,3611328,25029,16,6,Agriculture,Private limited,None,West,2,No,16,3,Yes,1
08000059,54,9635725,3641779,7376193,831,2000701,-69271,0,2,Services,Proprietorship,Property,East,6,No,8,23,No,0
08000060,36,29544330,1283336,4992122,547,3652471,605201,18,5,Retail,Partnership,None,West,7,Yes,12,7,No,0
08000061,41,13075611,4869325,2049960,730,2379327,767228,20,6,Manufacturing,Proprietorship,Deposit,West,8,No,16,4,Yes,1
08000062,46,3186672,4362107,2319292,849,2008131,-57694,24,0,Agriculture,Proprietorship,None,North,6,Yes,2,5,Yes,1
08000063,53,24562850,5353939,4692216,793,1847386,349139,18,2,Retail,Partnership,Property,West,1,No,24,13,Yes,1
08000064,43,4914871,2155425,5616119,840,3161091,755654,7,4,Services,Proprietorship,Property,East,8,Yes,22,12,Yes,0
08000065,26,27829999,2395849,4906142,594,435660,639984,19,3,Services,Proprietorship,Property,West,0,No,22,22,Yes,0
08000066,48,10345967,5321141,4933597,654,3667326,834337,17,7,Services,Proprietorship,None,South,1,No,3,9,No,1
08000067,38,13938298,1023446,922427,848,3989145,620765,9,4,Retail,Partnership,Property,South,6,Yes,17,23,Yes,1
08000068,64,25945496,5911586,7823826,755,2143363,767860,23,0,Retail,Partnership,None,West,2,No,9,13,Yes,1
08000069,36,3589655,3680442,6943298,503,3139494,460495,8,7,Agriculture,Proprietorship,Deposit,South,1,No,13,11,No,0
08000070,35,1933632,1009401,7983943,782,3794592,753208,10,7,Services,Partnership,Deposit,East,0,No,13,18,No,0
08000071,45,4646876,1933973,2185107,481,2357540,686136,0,6,Agriculture,Proprietorship,Deposit,East,3,Yes,14,13,No,0
08000072,69,21552958,2434965,5660089,582,3237085,823525,3,6,Retail,Proprietorship,None,West,1,Yes,5,9,No,0
08000073,28,16475283,3781353,7137402,732,1597781,237234,19,3,Agriculture,Private limited,None,North,8,Yes,25,3,Yes,1
08000074,38,2389146,1372566,1870363,633,940544,712934,6,3,Retail,Proprietorship,Deposit,North,2,Yes,2,11,Yes,1
08000075,25,27624476,1733776,1938733,490,2717032,263163,22,5,Agriculture,Partnership,None,West,0,Yes,1,17,Yes,1
08000076,27,27210635,1626963,7249391,735,2107031,526789,20,1,Manufacturing,Private limited,Property,East,0,Yes,15,22,Yes,0
08000077,43,3207928,7061440,1000281,488,2054901,28401,18,3,Retail,Partnership,Deposit,East,1,No,25,17,No,0
08000078,34,32704255,4217309,1634666,550,539665,134277,24,4,Manufacturing,Partnership,Deposit,North,0,Yes,13,5,No,0
08000079,34,27005139,3519415,5398334,536,20404,568683,20,0,Agriculture,Private limited,None,North,4,No,18,22,Yes,0
08000080,32,16050415,5325178,3928793,673,1749337,192779,20,4,Retail,Private limited,Deposit,South,1,Yes,17,24,No,1
08000081,36,32978334,667549,4967125,539,1696969,341598,13,0,Services,Private limited,Property,West,1,No,19,23,Yes,0
08000082,66,29803620,7944637,3382401,501,3388235,-74463,7,7,Manufacturing,Proprietorship,Property,West,8,Yes,0,24,No,1
08000083,41,25704174,5038643,4479428,698,2872307,387993,23,2,Agriculture,Private limited,None,West,2,No,25,9,Yes,0
08000084,33,26063023,5169972,3268815,829,3761053,162230,5,5,Manufacturing,Partnership,None,East,1,No,2,6,No,1
08000085,68,31345437,3104191,7986932,582,2015856,642276,9,2,Manufacturing,Partnership,None,South,5,Yes,23,18,Yes,1
08000086,32,14974008,6300510,4165416,596,1184848,38921,19,6,Services,Proprietorship,None,West,5,No,22,16,No,0
08000087,67,11681072,6155415,3582986,638,1454482,621963,13,3,Manufacturing,Private limited,Property,East,4,No,9,25,Yes,1
08000088,61,9977398,1903062,7237744,594,464135,568866,25,5,Retail,Private limited,Deposit,East,8,No,9,18,Yes,1
08000089,56,8090807,7072986,656904,648,3395674,23928,5,7,Services,Proprietorship,Deposit,South,2,Yes,19,24,Yes,1
08000090,38,6749387,4490505,7649682,599,1564005,134028,8,5,Retail,Partnership,None,North,6,Yes,19,7,No,0
08000091,21,9869026,3861863,520123,808,3525032,733748,10,2,Services,Partnership,Property,West,5,No,24,13,Yes,1
08000092,53,4180945,2953098,1363213,559,546223,826109,3,1,Retail,Partnership,None,South,6,Yes,3,18,Yes,1
08000093,52,27574832,4412255,3453691,512,1790611,704346,23,6,Agriculture,Private limited,None,East,3,No,0,15,No,0
08000094,61,14582666,2629869,230075,800,3803953,784633,6,2,Manufacturing,Private limited,Property,North,8,Yes,15,5,Yes,0
08000095,34,27897902,2583197,638381,519,3358,723778,21,1,Retail,Private limited,None,East,3,Yes,21,18,Yes,0
08000096,32,10501496,1407791,5615401,622,771765,-53519,25,2,Agriculture,Private limited,None,West,0,Yes,6,7,No,0
08000097,51,3669616,5920616,7845245,821,912102,181836,2,6,Manufacturing,Proprietorship,Deposit,West,5,No,9,0,No,1
08000098,63,19857110,393320,322183,522,814382,-66284,20,6,Manufacturing,Private limited,Deposit,North,2,No,25,8,No,0
08000099,24,29651978,4716122,5267009,714,3215571,76818,11,0,Agriculture,Private limited,Deposit,East,6,Yes,3,10,No,1
08000100,51,14350686,4252638,798010,666,1255382,316940,2,5,Manufacturing,Private limited,None,North,3,Yes,4,7,No,1
08000101,35,3918967,2925570,5411794,714,987974,451724,5,0,Manufacturing,Private limited,Property,North,1,No,20,6,No,0
08000102,35,19781094,5222821,4733643,591,1570873,-1569,20,2,Agriculture,Proprietorship,None,West,1,No,9,3,No,1
08000103,44,20015733,7155114,7438554,587,3895938,824210,14,4,Services,Partnership,None,North,5,No,22,23,Yes,0
08000104,44,9517283,4707365,6092735,774,2014676,661994,25,5,Manufacturing,Private limited,None,North,5,No,17,18,Yes,1
08000105,55,33864475,6137499,680154,601,2832914,247580,9,3,Manufacturing,Proprietorship,Deposit,East,4,No,13,14,Yes,0
08000106,34,31553616,4419955,7468319,695,2460223,450270,1,7,Agriculture,Partnership,None,East,3,Yes,17,9,No,0
08000107,28,27472079,5967139,4227465,673,3052046,350688,21,3,Services,Private limited,None,South,1,Yes,3,21,Yes,0
08000108,23,13665245,1550224,5386564,788,1279552,365800,9,3,Services,Partnership,None,North,6,No,24,4,No,1
08000109,44,8502229,2934871,5406868,643,3123046,467924,17,7,Services,Private limited,Property,East,0,Yes,16,1,No,1
08000110,58,34132389,7861918,7269873,743,748367,489997,19,2,Manufacturing,Proprietorship,Deposit,East,4,No,11,21,Yes,1
08000111,35,28993458,4906346,1502201,696,502511,633208,17,0,Services,Partnership,None,East,7,No,8,21,No,0
08000112,38,28113167,6315829,549126,521,1812437,56721,11,4,Agriculture,Proprietorship,Deposit,East,6,Yes,20,18,Yes,0
08000113,61,31526473,187765,4352379,537,625069,849574,11,1,Manufacturing,Private limited,None,North,7,Yes,16,11,Yes,0
08000114,34,1981233,1582204,6385422,623,1915449,594502,17,3,Retail,Partnership,Deposit,East,6,No,8,7,No,0
08000115,45,7118702,7229500,6722231,704,947577,795865,25,5,Services,Private limited,None,South,7,No,19,5,No,1
08000116,67,31283852,7988414,6644065,562,2013434,145689,6,1,Retail,Partnership,None,West,3,No,11,22,No,1
08000117,49,16457937,3041748,3731865,528,1135791,-20616,14,1,Retail,Proprietorship,Deposit,South,5,No,13,5,No,0
08000118,64,10944923,-148425,7889555,767,1151368,531054,19,1,Manufacturing,Proprietorship,None,North,7,No,18,25,No,0
08000119,24,25613709,3020349,7956938,516,2547260,299311,15,7,Services,Private limited,None,East,6,No,23,10,Yes,1
08000120,50,31949857,286013,4261392,774,880369,715150,0,5,Agriculture,Partnership,Property,South,4,No,17,0,Yes,1
08000121,25,12181932,2190070,7305765,664,744399,4413,22,2,Services,Partnership,None,North,3,No,21,25,No,0
08000122,31,16442093,475613,2415026,810,238347,482341,0,1,Retail,Partnership,Deposit,North,3,No,13,23,No,1
08000123,31,7052638,7360405,575010,850,85216,249914,15,7,Services,Partnership,Property,East,7,No,8,0,Yes,1
08000124,35,8035896,7512518,7461391,812,3428644,178825,24,7,Services,Partnership,Property,West,6,No,5,9,Yes,1
08000125,41,34263497,5442949,4428350,703,1557759,58377,25,0,Services,Partnership,Deposit,West,5,Yes,8,8,Yes,1
08000126,49,33712223,7176726,2723375,577,1366631,203036,10,4,Agriculture,Proprietorship,None,South,4,No,9,16,No,1
08000127,62,30824190,1815657,4244940,553,1192767,-7877,5,4,Agriculture,Partnership,None,West,6,No,16,12,Yes,1
08000128,47,10364368,7002071,5840885,846,3287221,496879,25,1,Services,Private limited,Property,North,1,Yes,19,2,Yes,0
08000129,29,12318183,6117044,3718906,672,447435,539871,17,4,Retail,Proprietorship,Deposit,West,4,Yes,5,5,No,1
08000130,63,1772645,-106040,2263780,712,2858890,558842,8,4,Retail,Private limited,Property,East,4,No,17,22,No,1
08000131,30,5665564,2044479,5648523,558,1341132,156227,11,1,Retail,Proprietorship,Deposit,North,6,No,22,19,No,0
08000132,66,12685418,1410490,2161757,680,1960778,683825,18,0,Services,Proprietorship,None,West,2,Yes,11,1,Yes,0
08000133,68,26424530,1853479,5103440,504,1415367,742435,6,6,Services,Proprietorship,Property,North,1,No,5,22,No,1
08000134,48,28153443,4126130,5357770,746,1171402,-25268,10,3,Retail,Proprietorship,Deposit,West,6,No,13,19,No,0
08000135,65,30227324,3683411,6229136,703,978911,6021,10,7,Retail,Partnership,Deposit,East,6,Yes,12,13,No,1
08000136,58,10565923,5500055,4168655,496,660010,171072,5,1,Manufacturing,Proprietorship,Property,North,7,No,16,4,No,1
08000137,53,2992646,1629546,3478248,653,2091589,746307,21,6,Services,Private limited,None,North,3,No,0,9,No,0
08000138,52,1508568,2865733,5638971,843,2146821,836966,20,6,Services,Proprietorship,None,East,8,No,25,18,No,0
08000139,62,25904412,7995174,416704,592,3919766,683124,15,7,Manufacturing,Proprietorship,None,North,4,Yes,9,11,No,1
08000140,41,31411869,1981563,3992955,590,2343311,338925,20,0,Manufacturing,Private limited,Deposit,West,5,No,11,8,Yes,0
08000141,59,26539198,6552970,3787840,744,1780627,536671,1,3,Manufacturing,Proprietorship,Deposit,South,1,Yes,5,7,No,1
08000142,51,17995079,7747387,7747934,613,2426792,188232,24,4,Retail,Partnership,Property,South,1,Yes,15,22,Yes,1
08000143,48,14307114,4647580,896273,721,3090228,722528,8,7,Services,Private limited,None,North,0,Yes,25,5,No,1
08000144,35,33102200,3854805,3963899,786,1492481,523397,25,3,Manufacturing,Private limited,Property,South,2,No,9,13,Yes,1
08000145,59,29504957,7359022,6583796,548,1114154,820726,5,2,Services,Private limited,Deposit,West,1,Yes,12,23,No,0
08000146,43,5312127,2714456,1839714,719,2420967,23210,5,6,Services,Private limited,None,West,4,No,5,3,Yes,1
08000147,55,32151818,6161650,1780384,698,1795989,762439,2,0,Manufacturing,Partnership,Deposit,North,6,Yes,12,11,No,0
08000148,25,26028637,1852238,5191771,612,735657,689634,20,4,Agriculture,Private limited,None,East,8,Yes,9,10,No,0
08000149,54,18893363,3747154,3118648,692,2486500,-27502,5,1,Services,Proprietorship,None,West,5,Yes,0,19,Yes,0
08000150,29,17490872,5568678,5220851,693,2040308,-23101,2,2,Agriculture,Partnership,Property,West,3,No,11,0,Yes,1
08000151,49,25782701,7525811,4351002,621,820428,612015,13,5,Manufacturing,Proprietorship,Deposit,North,7,No,18,7,Yes,1
08000152,36,7716384,1236540,6358589,565,3392174,426404,23,6,Manufacturing,Partnership,Deposit,South,8,Yes,6,24,Yes,0
08000153,22,4184028,-81493,6122610,642,267638,78379,6,4,Agriculture,Partnership,Deposit,North,6,No,17,20,No,0
08000154,36,6875497,4413197,2313232,603,2650270,135692,5,3,Services,Partnership,None,South,3,Yes,15,1,Yes,0
08000155,59,21891599,5839920,1379840,773,1146925,145906,14,6,Agriculture,Private limited,None,West,1,Yes,9,20,Yes,1
08000156,35,12187783,6317524,6115790,686,364469,610623,25,4,Manufacturing,Private limited,None,West,5,No,9,11,No,0
08000157,53,10226817,4880108,627816,612,630816,600713,14,5,Agriculture,Partnership,None,East,6,No,3,2,No,1
08000158,21,31821858,1668565,1864292,714,2256842,-26245,8,3,Agriculture,Proprietorship,Deposit,East,6,No,1,19,Yes,0
08000159,33,7958843,3842033,7409535,535,1635888,407727,5,5,Retail,Private limited,Property,West,8,Yes,8,18,Yes,0
08000160,53,14509347,2029616,338500,748,3689685,6854,22,0,Services,Partnership,Property,West,5,No,8,11,No,0
08000161,69,1254271,2343705,4920603,567,740798,623777,5,2,Retail,Private limited,Deposit,South,2,No,22,6,No,0
08000162,61,20755736,2816032,7870032,561,1590528,-60831,13,5,Services,Partnership,None,East,3,Yes,20,5,No,0
08000163,31,11526217,1691054,6663004,719,3176757,609930,12,0,Manufacturing,Proprietorship,None,West,2,No,15,3,Yes,0
08000164,27,27478059,3905646,4535886,698,2250364,632902,15,5,Agriculture,Partnership,Deposit,South,0,Yes,11,21,Yes,1
08000165,24,17906584,3732431,7310465,796,2504314,39504,17,0,Retail,Partnership,Property,East,8,Yes,23,14,No,0
08000166,68,31870255,5731641,6797829,665,82804,629630,15,0,Retail,Private limited,Property,North,0,No,11,24,No,1
08000167,64,22296281,2717683,5425994,493,3079891,141140,20,5,Manufacturing,Partnership,Deposit,East,7,No,13,9,Yes,0
08000168,40,28973759,7200354,3422982,762,3942923,806139,5,5,Services,Private limited,None,West,5,No,4,13,No,0
08000169,24,27797269,1594446,7559029,797,2898649,66050,13,2,Retail,Private limited,Property,East,0,No,10,8,No,1
08000170,42,12692732,1723558,1012378,644,542716,696485,4,5,Manufacturing,Private limited,Deposit,North,0,Yes,2,0,No,1
08000171,43,9964086,3316506,7299771,785,1028258,230929,21,1,Manufacturing,Private limited,Deposit,South,2,No,15,25,No,0
08000172,32,18563217,4665137,5994512,694,1450964,577555,5,4,Manufacturing,Private limited,Deposit,South,6,No,6,21,Yes,0
08000173,59,2159228,969949,413037,595,3171702,734215,11,2,Retail,Partnership,Property,South,4,No,14,13,Yes,1
08000174,32,19885754,2725268,3396141,532,1362470,337283,20,1,Services,Partnership,None,East,7,No,3,20,No,0
08000175,50,25560664,7447766,6277114,719,1544146,228165,2,1,Retail,Partnership,Deposit,South,3,No,22,9,Yes,1
08000176,29,11031655,3856940,4242361,629,2446437,425506,23,5,Services,Proprietorship,Deposit,South,0,Yes,0,25,No,1
08000177,62,18302219,6012973,3726596,722,2588928,-37174,18,7,Manufacturing,Proprietorship,Deposit,North,8,Yes,14,17,No,1
08000178,55,30979646,5490065,447526,647,2260296,439072,23,2,Agriculture,Private limited,None,South,0,Yes,25,11,No,1
08000179,69,29610211,2491726,7657698,725,1705356,451038,14,0,Services,Private limited,Deposit,South,6,Yes,1,3,No,1
08000180,42,12797822,3910411,7043834,739,2573256,655172,19,2,Agriculture,Private limited,None,South,6,Yes,16,12,No,0
08000181,47,11412829,1380014,7296954,623,3977756,332051,17,4,Agriculture,Partnership,Deposit,South,4,Yes,13,22,No,0
08000182,28,12252299,2573367,3133452,577,3008525,45441,5,2,Services,Partnership,None,South,5,No,23,11,Yes,0
08000183,33,28960475,3851233,3112670,486,278972,440999,15,5,Agriculture,Proprietorship,Property,South,1,No,17,18,Yes,0
08000184,64,12652890,1505790,7066099,591,1201254,806618,16,7,Retail,Partnership,Property,North,0,No,4,11,No,1
08000185,43,12586157,2777111,6405989,705,1705889,744913,3,7,Retail,Private limited,Property,East,5,Yes,20,20,No,1
08000186,38,22882423,5684868,4278928,589,1467355,100461,12,0,Manufacturing,Partnership,Deposit,West,7,Yes,6,7,Yes,0
08000187,23,18151878,1461661,6378090,757,2271131,143777,13,4,Manufacturing,Private limited,Property,East,6,Yes,20,7,No,0
08000188,50,15186443,3014679,7223387,723,3462749,456862,6,2,Manufacturing,Private limited,None,North,1,Yes,1,18,No,0
08000189,30,21991074,3608626,7009564,624,119340,97380,13,7,Services,Proprietorship,Property,East,5,No,5,10,No,1
08000190,60,10867727,6163177,7216046,817,1117024,387654,21,7,Retail,Proprietorship,Deposit,North,3,No,6,12,Yes,1
08000191,38,16851539,3225638,3401823,529,1758550,414969,13,3,Agriculture,Proprietorship,Deposit,East,3,No,19,2,No,0
08000192,39,23294344,7545187,2866252,629,3629888,723555,16,1,Services,Proprietorship,Deposit,West,1,Yes,23,2,Yes,1
08000193,46,20994255,4112321,806119,828,3434827,210682,17,5,Manufacturing,Private limited,Property,North,4,Yes,5,16,No,1
08000194,41,1324435,2617339,2680851,815,279234,235562,10,1,Agriculture,Partnership,None,East,3,Yes,11,9,No,1
08000195,30,23180227,5705376,1287485,502,3127407,169913,13,6,Agriculture,Private limited,Deposit,North,2,Yes,19,17,Yes,0
08000196,28,18010692,1325328,3500540,649,2678309,790836,22,3,Manufacturing,Private limited,Property,East,0,No,19,1,Yes,1
08000197,44,30024391,481054,7730018,500,3973201,595495,20,1,Services,Proprietorship,None,North,1,Yes,4,14,Yes,0
08000198,38,4083253,6642207,2448481,548,1273525,639174,9,0,Retail,Partnership,Deposit,South,0,No,24,0,No,0
08000199,37,2940341,4499300,6087414,721,3459878,544318,9,4,Retail,Proprietorship,Deposit,South,6,No,11,18,Yes,0
08000200,37,30403520,7128268,5854917,736,684260,-50349,10,7,Retail,Partnership,Property,North,3,No,15,10,No,0
08000201,52,22229197,4166561,4479524,629,295719,430707,21,5,Services,Partnership,Deposit,East,7,Yes,21,7,No,1
08000202,56,31994519,2904098,3619506,664,3673837,415768,14,5,Retail,Partnership,Property,East,6,No,18,20,Yes,0
08000203,60,32477985,6778063,3055032,819,3496313,229484,4,5,Manufacturing,Partnership,Property,West,7,Yes,25,15,No,1
08000204,31,28612299,4309035,4264630,757,3330597,232432,23,1,Manufacturing,Partnership,Deposit,West,1,No,5,3,Yes,1
08000205,40,6905534,2363017,5943247,621,189753,195210,12,0,Agriculture,Private limited,Deposit,North,0,No,5,20,Yes,0
08000206,38,8944781,6808967,1878163,708,1577360,191772,14,3,Retail,Proprietorship,Deposit,North,2,No,10,8,Yes,1
08000207,68,32992721,775501,243240,535,1918382,545820,23,6,Agriculture,Proprietorship,None,North,2,No,11,5,Yes,1
08000208,52,27134859,6710930,6465949,594,2811638,136722,4,0,Retail,Partnership,Property,West,7,Yes,8,13,No,1
08000209,49,31268520,833183,2158829,668,372811,49752,10,6,Manufacturing,Partnership,Deposit,North,7,No,0,0,No,0
08000210,28,15878515,1626960,3685636,605,1564606,98864,5,1,Retail,Private limited,Deposit,North,7,Yes,5,22,No,0
08000211,63,6885239,2707054,1869603,803,2012372,84045,9,1,Manufacturing,Partnership,Deposit,West,6,Yes,7,17,No,0
08000212,45,34741885,3286167,356258,500,2823612,532612,12,5,Services,Proprietorship,Property,East,5,No,14,16,No,0
08000213,41,16554941,4064753,1628716,836,2904497,528553,8,3,Agriculture,Private limited,None,East,7,Yes,21,7,No,1
08000214,32,19734091,4778658,3919255,589,1501724,818822,4,3,Services,Private limited,Deposit,West,5,Yes,18,19,No,1
08000215,39,2983010,1916340,5821715,721,1135088,151166,7,2,Services,Proprietorship,Deposit,West,2,No,19,20,Yes,1
08000216,55,33287571,6538931,4339545,577,2097307,207801,0,6,Services,Proprietorship,Deposit,South,5,Yes,11,20,Yes,1
08000217,39,22139088,2514322,5382767,672,805892,797581,20,2,Agriculture,Partnership,Deposit,East,4,No,0,16,No,0
08000218,69,32592869,3256809,5873896,694,3127938,328238,9,0,Retail,Partnership,Property,East,0,No,15,15,No,0
08000219,67,21347429,2748591,7274132,662,2162358,687375,19,7,Agriculture,Proprietorship,Property,East,6,Yes,3,1,Yes,0
08000220,40,15332205,7833456,586783,796,1720188,158518,7,7,Retail,Private limited,None,West,0,No,19,2,No,1
08000221,47,2889230,5253311,5329591,546,2267821,697033,24,1,Retail,Partnership,Property,North,0,Yes,6,5,No,0
08000222,67,22988363,1077412,2627481,571,3639126,34778,9,3,Services,Partnership,None,South,7,Yes,8,25,No,0
08000223,47,20009060,4632990,4657186,708,213353,249460,22,4,Agriculture,Private limited,None,North,4,Yes,13,25,No,0
08000224,21,16439198,2028459,7165414,805,2041710,691383,22,3,Manufacturing,Private limited,None,West,5,No,25,5,Yes,0
08000225,46,24941611,5805084,7562095,755,3221019,186664,1,5,Services,Partnership,Property,West,3,Yes,19,16,Yes,1
08000226,60,20849556,1718662,4874877,763,3373453,727881,0,5,Manufacturing,Partnership,Deposit,South,5,Yes,2,5,No,1
08000227,64,16815650,3966881,1876597,637,47930,527852,8,0,Retail,Private limited,Deposit,South,2,Yes,18,5,Yes,0
08000228,58,25868770,1462092,4260960,561,469081,711046,15,6,Services,Proprietorship,None,East,3,No,19,15,Yes,1
08000229,60,19526317,2015877,2912031,654,3951618,106089,18,6,Services,Partnership,Property,North,4,No,13,10,Yes,0
08000230,54,16758041,5324752,4693449,602,896186,353266,12,4,Retail,Partnership,None,East,7,No,8,21,Yes,0
08000231,56,24575190,784069,1824094,800,2712960,-27293,2,5,Agriculture,Proprietorship,Deposit,South,0,Yes,21,13,No,1
08000232,27,17598721,4232120,7957671,828,1424446,62390,9,6,Manufacturing,Partnership,None,West,4,No,14,22,No,1
08000233,37,6205627,3207190,5522851,751,2141354,329357,23,4,Retail,Proprietorship,None,East,7,Yes,4,17,Yes,1
08000234,65,2053659,3864573,1616763,672,1886279,531213,0,3,Services,Partnership,Deposit,South,1,No,2,1,Yes,0
08000235,67,3863715,485562,5943707,736,350714,334267,21,4,Agriculture,Partnership,Property,West,5,Yes,24,17,Yes,0
08000236,52,33916376,5343449,4514929,533,91613,511867,6,7,Agriculture,Partnership,None,West,1,No,15,25,No,1
08000237,21,1443360,238950,3447521,639,2870114,205645,15,1,Retail,Proprietorship,Property,South,6,Yes,4,19,Yes,0
08000238,39,18599214,6719502,1242941,808,134691,-45271,21,1,Services,Proprietorship,None,West,7,No,3,0,Yes,1
08000239,34,30684725,3215575,2878253,843,3011922,479226,2,4,Agriculture,Proprietorship,None,East,5,No,1,10,Yes,0
08000240,39,17699720,7517204,1445726,845,2164595,352369,0,2,Services,Partnership,Deposit,East,5,Yes,24,6,No,1
08000241,64,4083193,6491125,391504,612,3737505,128063,6,5,Services,Private limited,Property,South,6,No,11,1,Yes,1
08000242,35,5842792,6249531,3171203,506,123115,236495,13,4,Services,Proprietorship,Deposit,South,1,No,3,13,No,0
08000243,22,33896955,7243797,5579499,579,8683,276537,11,2,Services,Partnership,None,West,2,Yes,22,14,Yes,0
08000244,48,5675140,7710850,2289611,791,2870566,464469,15,6,Manufacturing,Proprietorship,Deposit,South,3,No,0,19,No,1
08000245,46,30257332,3586729,664030,518,627247,835680,10,4,Services,Proprietorship,Property,North,3,Yes,25,1,No,1
08000246,22,26521980,7255336,7277948,571,339482,520052,24,1,Manufacturing,Partnership,Property,South,2,No,1,24,No,0
08000247,63,27462644,5157013,4259568,767,2527897,744281,16,7,Retail,Proprietorship,Property,South,3,No,12,2,Yes,1
08000248,21,15522467,7050667,7126174,739,647721,-45572,6,2,Agriculture,Proprietorship,Deposit,North,8,Yes,19,24,Yes,0
08000249,41,15411953,6575318,6152473,531,1091789,570454,23,5,Agriculture,Partnership,Property,North,1,No,3,7,No,0
08000250,38,6569903,1556973,7927728,622,2492595,483539,6,2,Agriculture,Proprietorship,Deposit,East,4,Yes,9,16,No,0
08000251,38,33369834,5218970,7701461,845,451850,81532,23,6,Retail,Private limited,None,South,4,Yes,22,18,No,1
08000252,37,16618499,4110418,3642316,556,2539274,566506,9,4,Agriculture,Partnership,Property,East,8,Yes,14,5,No,0
08000253,35,13635594,6073209,584104,840,3744200,-61085,6,1,Manufacturing,Private limited,Property,West,3,No,20,9,No,1
08000254,41,2788251,5909404,7562691,695,3933922,627735,18,3,Services,Private limited,None,North,2,Yes,1,9,No,0
08000255,25,31107886,2226037,1865339,579,2469119,508404,2,0,Retail,Proprietorship,Property,South,3,Yes,25,4,Yes,0
08000256,51,26631830,5071185,2413152,741,1702027,626901,17,0,Agriculture,Proprietorship,Deposit,North,4,Yes,2,14,Yes,0
08000257,55,7419161,7775885,4556355,771,1877624,414474,1,7,Agriculture,Partnership,Property,East,0,Yes,6,24,No,1
08000258,43,27654065,4010163,325965,486,2434243,355427,10,6,Retail,Private limited,None,South,6,Yes,21,18,No,0
08000259,41,14767140,2012968,4900438,723,3978886,173838,4,3,Retail,Partnership,Property,West,6,No,5,0,No,1
08000260,23,30528623,6067636,3749660,691,512617,715376,19,3,Manufacturing,Proprietorship,Deposit,North,8,No,21,24,Yes,0
08000261,49,4903138,1319754,4606352,583,3208060,49774,24,2,Services,Proprietorship,None,West,8,No,14,13,Yes,0
08000262,29,15813007,1795067,2794387,791,3356362,4037,14,7,Agriculture,Private limited,Deposit,West,0,Yes,9,3,Yes,1
08000263,21,15756584,4069642,4285738,760,32926,787238,17,7,Agriculture,Partnership,None,South,8,Yes,10,0,No,0
08000264,29,19695858,1951919,4259015,580,3883256,717952,6,2,Retail,Private limited,None,South,7,Yes,21,8,Yes,0
08000265,35,29001460,6026634,7834842,594,1717048,703897,0,4,Retail,Partnership,Deposit,West,3,Yes,10,4,No,1
08000266,67,13289601,4271918,6095622,648,2963307,424974,23,0,Services,Partnership,Property,West,4,No,22,23,Yes,0
08000267,43,12216028,1154143,2973257,592,3254715,-56703,16,0,Agriculture,Proprietorship,None,East,3,No,16,9,Yes,0
08000268,64,19726809,2097867,2451707,769,1411382,342380,10,0,Agriculture,Partnership,None,North,0,Yes,23,22,Yes,0
08000269,64,16142020,5227796,4958302,632,709295,743175,18,3,Services,Private limited,Deposit,North,7,No,2,19,No,0
08000270,46,5109397,2275216,4680819,672,718561,40486,1,0,Agriculture,Partnership,Property,East,0,Yes,20,0,Yes,1
08000271,23,18995308,304545,3001452,606,846965,-37676,20,5,Retail,Private limited,Property,North,1,Yes,8,15,No,0
08000272,54,20762289,4011610,5870083,498,1708946,451439,18,4,Services,Partnership,Property,South,7,Yes,5,3,Yes,0
08000273,31,10597181,5451722,586205,565,1529854,89117,6,6,Manufacturing,Partnership,Deposit,South,7,Yes,0,7,No,1
08000274,55,25145412,-124123,6837098,526,2047090,135682,24,0,Agriculture,Private limited,Deposit,South,1,Yes,6,16,Yes,0
08000275,68,18360908,1373057,1505090,848,49033,698158,23,6,Services,Proprietorship,Deposit,North,6,Yes,21,14,No,1
08000276,25,10321790,7947855,2100617,593,2295359,22835,6,5,Agriculture,Private limited,Deposit,West,5,Yes,1,18,No,0
08000277,55,28936922,7210982,330308,719,588926,95230,6,5,Retail,Proprietorship,Property,East,4,Yes,0,7,No,1
08000278,33,29875835,317377,7600818,651,1446723,114439,21,6,Retail,Partnership,None,North,5,No,14,13,No,1
08000279,64,32752297,-216781,3611804,667,2715411,101582,9,0,Retail,Proprietorship,Deposit,West,7,Yes,12,25,Yes,0
08000280,61,5962653,1483434,3425209,521,2313136,272360,9,0,Retail,Proprietorship,None,North,5,No,15,5,No,0
08000281,55,17296179,7153501,636489,676,561413,-60218,0,5,Retail,Private limited,None,East,0,No,10,3,No,1
08000282,53,9218080,5346189,6035878,481,2711682,339045,17,5,Services,Partnership,Property,North,6,Yes,20,20,No,0
08000283,56,24422741,8060,1186610,813,2936309,360791,5,2,Services,Partnership,Deposit,West,2,No,4,16,No,1
08000284,27,3711613,429635,6544861,609,172723,-21745,9,0,Manufacturing,Partnership,None,West,0,Yes,18,15,Yes,0
08000285,63,14430572,7886005,3447211,526,81043,504788,14,7,Agriculture,Proprietorship,None,West,5,No,13,21,No,1
08000286,45,31761003,244183,3087725,725,3057813,169623,2,0,Services,Private limited,Property,West,1,Yes,0,23,No,0
08000287,52,29623651,5728810,1784436,769,294995,759736,14,7,Manufacturing,Partnership,Property,North,0,No,11,13,Yes,1
08000288,53,5204159,918417,5815299,575,1649931,797101,3,2,Services,Partnership,Deposit,North,6,No,19,11,No,0
08000289,50,18243861,2699850,6640100,805,264332,157193,8,7,Agriculture,Proprietorship,Property,West,3,Yes,11,9,Yes,1
08000290,28,25112593,1171811,7274573,590,903887,-18841,15,5,Agriculture,Partnership,None,North,6,Yes,23,23,Yes,0
08000291,64,2860329,3582878,7689299,771,2089282,698359,18,0,Retail,Proprietorship,None,South,3,Yes,0,22,No,1
08000292,59,32451906,2100045,2123456,729,2226119,116851,17,0,Agriculture,Partnership,Deposit,East,7,Yes,17,12,Yes,1
08000293,53,8202760,5481449,3019828,646,1407031,389555,19,3,Services,Partnership,None,East,0,No,0,22,Yes,1
08000294,28,21772270,7923418,5211925,567,851206,833150,3,4,Retail,Private limited,None,West,2,Yes,18,5,No,1
08000295,49,11167096,6382310,7281645,723,3025494,562694,5,5,Services,Private limited,Deposit,East,5,Yes,7,13,No,0
08000296,45,12213485,2429092,7546956,715,3987948,675814,9,5,Manufacturing,Partnership,None,South,5,Yes,5,4,No,1
08000297,66,17277300,4358502,4129924,772,1819636,77040,4,4,Agriculture,Proprietorship,Property,North,3,No,11,11,Yes,1
08000298,59,34685118,2533227,1087432,716,2611316,265411,14,1,Agriculture,Proprietorship,Property,East,2,No,21,21,Yes,1
08000299,34,28318580,4673718,1361549,640,2658922,296434,3,6,Services,Proprietorship,None,West,6,No,21,12,No,1
08000300,40,29325135,1704297,6285313,579,974033,34490,17,3,Agriculture,Partnership,None,East,3,Yes,19,25,No,0
08000301,30,22050008,724698,3692573,691,826697,63660,6,2,Services,Partnership,Deposit,North,6,No,23,4,No,1
08000302,39,1447609,2955734,7041589,585,2881492,-6406,1,5,Services,Private limited,Property,North,6,Yes,14,12,Yes,0
08000303,47,33209792,77489,4914057,665,1524405,307160,9,1,Retail,Private limited,None,North,4,Yes,0,4,No,0
08000304,65,13148104,1650384,4682431,673,637877,661310,16,3,Manufacturing,Private limited,Property,North,6,Yes,14,24,Yes,1
08000305,28,3934633,3555849,6531401,492,2377399,37496,8,5,Agriculture,Proprietorship,Deposit,West,1,Yes,4,10,No,0
08000306,49,25948387,3379106,5316609,538,228056,804429,21,6,Agriculture,Partnership,Property,East,2,Yes,4,20,No,0
08000307,55,29452874,3137550,2089824,749,1129942,418668,9,4,Manufacturing,Partnership,None,South,7,Yes,24,25,Yes,1
08000308,48,8161192,4558743,3087491,825,1814429,-51215,25,5,Manufacturing,Partnership,None,South,1,No,23,17,No,1
08000309,64,21593753,393527,6649645,500,2665747,179574,10,4,Manufacturing,Private limited,Property,North,6,No,20,22,No,0
08000310,34,33694145,5832620,737340,615,3535085,117607,25,3,Services,Partnership,Property,North,1,Yes,22,24,No,1
08000311,44,12015848,6681855,4153136,561,1263110,528910,10,6,Manufacturing,Proprietorship,Property,North,0,Yes,23,0,Yes,1
08000312,67,12029829,2173435,2354620,815,2979240,-59236,21,2,Services,Partnership,Property,West,4,Yes,6,12,Yes,0
08000313,66,34088022,4951261,7596676,707,2041403,-43120,0,7,Retail,Proprietorship,Property,South,1,Yes,4,0,No,1
08000314,23,29974674,5589134,7604919,562,249787,621747,25,6,Services,Proprietorship,Deposit,East,8,Yes,4,3,No,0
08000315,25,29504168,6797733,1155409,844,649932,147620,11,4,Manufacturing,Private limited,None,West,0,Yes,22,21,Yes,1
08000316,40,28304564,3921896,4126977,640,1518206,707983,19,6,Manufacturing,Private limited,Property,South,2,No,18,4,Yes,1
08000317,55,15042437,2271910,4594771,499,3892374,307820,24,1,Retail,Partnership,Property,South,2,Yes,22,8,Yes,0
08000318,66,8234134,6942850,5148365,747,884670,291817,11,1,Agriculture,Partnership,Property,North,3,Yes,4,21,No,1
08000319,59,16822692,1349447,1783979,665,1239171,543875,2,3,Manufacturing,Proprietorship,None,West,4,No,23,21,No,1
08000320,65,4764438,2846314,4936542,621,1969977,404354,18,2,Services,Partnership,Property,East,2,Yes,13,7,No,0
08000321,37,22736422,5544311,4982405,481,838983,680372,17,6,Agriculture,Proprietorship,None,South,4,No,8,15,Yes,0
08000322,30,7441426,2544938,2394670,792,2670731,511448,17,7,Agriculture,Proprietorship,Deposit,East,6,No,15,23,No,0
08000323,54,2843719,6483415,5991233,841,2671954,-29431,4,2,Services,Private limited,Property,East,4,Yes,13,15,No,1
08000324,47,26150953,4803232,5509326,695,3440385,151217,9,6,Retail,Private limited,None,North,7,Yes,14,10,Yes,1
08000325,53,2211817,6501299,3950024,818,3216875,574227,2,7,Manufacturing,Proprietorship,Property,South,1,No,15,1,Yes,1
08000326,36,3652923,1641340,5574403,735,127109,461967,20,5,Services,Partnership,Deposit,South,2,No,14,16,Yes,1
08000327,36,17417105,6892560,7093106,809,2453012,630790,8,2,Retail,Private limited,Deposit,South,8,Yes,3,8,No,1
08000328,42,21583492,1324780,3733200,496,813516,141376,6,4,Agriculture,Private limited,None,South,5,Yes,1,9,Yes,0
08000329,25,22186855,4585693,296959,696,1879238,-50922,6,6,Agriculture,Private limited,None,East,6,No,1,7,No,1
08000330,34,8070632,131471,3035421,519,836172,546584,3,0,Retail,Partnership,Deposit,South,5,No,0,13,No,1
08000331,45,16993293,4753774,4135747,659,2517052,-8827,24,0,Agriculture,Proprietorship,None,South,7,No,16,4,No,0
08000332,52,5533143,7841992,4207673,505,269271,698464,1,0,Retail,Partnership,Deposit,South,7,Yes,6,18,No,0
08000333,37,14237656,-52351,449673,569,2160488,817918,22,6,Services,Proprietorship,Deposit,South,4,Yes,7,20,Yes,1
08000334,38,4605341,4456894,1572812,482,3773234,711190,1,2,Services,Private limited,None,North,5,No,6,0,Yes,0
08000335,50,4360957,4521018,1734122,707,3285265,300138,14,7,Services,Private limited,Deposit,South,6,Yes,6,6,Yes,1
08000336,31,11313416,5515571,7013167,609,392616,-18075,17,4,Manufacturing,Private limited,Deposit,South,4,No,5,1,No,1
08000337,44,18384022,1460051,4910167,680,637874,302184,1,1,Manufacturing,Proprietorship,Deposit,South,5,Yes,1,24,Yes,1
08000338,49,22837562,7186410,1118427,684,955562,66207,11,2,Services,Partnership,None,East,0,No,6,8,Yes,1
08000339,40,20028407,2572185,1136847,663,3642142,379983,24,0,Agriculture,Private limited,None,West,3,Yes,8,8,No,0
08000340,60,23583155,3447862,2610643,669,3019352,12164,13,4,Retail,Partnership,None,South,3,Yes,15,0,No,0
08000341,50,25944403,6989819,685153,696,2931746,773836,18,1,Services,Proprietorship,Property,West,4,Yes,6,7,No,1
08000342,63,14843977,7685125,3960397,543,3280415,649443,15,3,Manufacturing,Partnership,None,North,8,Yes,20,8,Yes,1
08000343,46,2006177,-152746,966248,622,2408460,34179,4,6,Services,Partnership,Property,North,8,Yes,19,24,No,1
08000344,46,2323465,4700252,3968004,747,3612086,667482,25,5,Retail,Partnership,Deposit,North,3,No,17,20,Yes,0
08000345,42,34912681,4401408,4832752,656,1530434,203222,7,7,Services,Proprietorship,None,South,7,Yes,11,12,Yes,0
08000346,21,29310714,209161,1667150,722,1124858,612484,19,4,Manufacturing,Proprietorship,Deposit,South,7,No,5,14,No,1
08000347,25,26491045,97991,7523322,624,3519872,547129,7,2,Agriculture,Private limited,None,North,5,Yes,2,0,No,1
08000348,42,20064767,7973447,2432313,810,3667437,92118,1,6,Manufacturing,Partnership,Deposit,South,2,No,7,21,Yes,1
08000349,31,12101020,6248228,3939612,779,2727020,479908,21,5,Services,Partnership,Deposit,North,3,Yes,4,9,Yes,1
08000350,25,28471215,5329746,6148379,602,3433279,279517,7,4,Agriculture,Private limited,None,West,0,No,4,6,No,1
08000351,54,15191355,2810595,7330497,824,1127394,168506,18,5,Retail,Proprietorship,Deposit,East,8,No,18,3,Yes,1
08000352,25,26693168,3413084,4001214,822,813735,320251,13,5,Agriculture,Partnership,Property,East,4,Yes,19,15,Yes,1
08000353,30,15167513,7379695,2408857,679,1150787,376385,13,7,Agriculture,Partnership,None,North,5,No,19,25,No,1
08000354,51,20032540,7289793,7990456,693,2589675,465512,3,0,Agriculture,Proprietorship,Property,West,0,No,13,21,No,1
08000355,51,31952611,2438915,6002073,507,1104034,806242,20,2,Agriculture,Partnership,Property,North,3,No,1,16,Yes,0
08000356,55,4726631,1933901,3807158,623,254739,579685,23,1,Agriculture,Private limited,Deposit,North,3,No,17,4,No,1
08000357,34,25614472,3090324,2180945,554,2225981,1767,1,5,Retail,Private limited,None,North,7,Yes,18,8,No,1
08000358,56,21726184,1503538,470662,612,3577239,766567,2,7,Services,Private limited,Deposit,West,2,No,15,22,Yes,1
08000359,30,34645436,3131499,5057014,709,3874314,552812,8,0,Retail,Proprietorship,Property,South,0,Yes,0,14,Yes,0
08000360,67,27117044,5224484,2484403,488,1133154,404559,8,5,Retail,Partnership,Property,South,4,Yes,5,14,No,0
08000361,69,22004711,3508358,5286679,784,2744860,722908,5,4,Manufacturing,Partnership,None,South,0,Yes,24,11,No,1
08000362,48,9696363,3313667,505923,610,2761451,736904,25,4,Manufacturing,Partnership,None,South,5,No,4,2,Yes,0
08000363,55,3377664,2323943,4331920,595,3685790,258627,11,2,Retail,Private limited,Property,South,2,Yes,0,9,No,1
08000364,64,30209976,1322707,3122725,539,628660,812211,12,2,Retail,Partnership,Property,East,8,Yes,13,3,No,0
08000365,25,11001766,2493363,7428016,725,434953,750290,10,6,Services,Proprietorship,None,East,4,Yes,25,22,No,1
08000366,49,29770080,5868999,7899215,758,2889222,399365,7,6,Agriculture,Partnership,None,East,3,No,12,0,Yes,1
08000367,54,4481032,3716380,1434853,695,2416549,771616,5,7,Agriculture,Proprietorship,None,East,0,Yes,12,18,Yes,1
08000368,60,5474538,5503411,2148489,749,741758,139517,0,4,Retail,Partnership,None,East,6,Yes,11,18,No,1
08000369,49,23912497,903166,4554479,519,2080462,-71512,11,3,Retail,Proprietorship,Property,South,8,No,13,9,No,0
08000370,64,33656067,2565238,5210843,666,2926951,-51588,5,3,Agriculture,Partnership,Property,North,5,No,17,25,No,0
08000371,52,2800442,5707963,2311308,556,3120937,-58403,6,5,Agriculture,Proprietorship,Deposit,West,1,Yes,9,5,No,0
08000372,26,16401347,1310098,3875692,700,3198670,754675,2,3,Retail,Partnership,Property,South,4,No,16,3,No,0
08000373,33,15473990,3811708,3661173,591,300840,840544,14,7,Retail,Private limited,None,East,4,No,23,24,No,0
08000374,27,3966212,2049031,5236856,738,3728487,483477,23,7,Services,Partnership,None,East,8,No,24,19,No,1
08000375,57,3209621,6697102,3543910,677,385464,554225,12,2,Manufacturing,Proprietorship,Property,North,0,No,13,11,No,0
08000376,52,20433594,4748710,4156813,700,1588182,297230,21,3,Retail,Proprietorship,Deposit,North,4,Yes,2,2,Yes,0
08000377,44,11821541,75235,385268,546,1347910,-25053,7,4,Manufacturing,Proprietorship,None,West,1,No,3,3,Yes,1
08000378,49,27355743,5719347,600628,549,3459460,736010,14,4,Agriculture,Private limited,Property,East,1,Yes,1,10,No,0
08000379,30,14471436,5287186,6362314,504,2794119,425409,4,7,Retail,Private limited,Property,West,8,No,2,14,No,1
08000380,57,22473897,2451031,1310088,841,3171587,617304,5,7,Agriculture,Private limited,Deposit,West,6,Yes,11,23,No,1
08000381,25,27888156,6504712,7439672,763,3405594,786009,25,1,Manufacturing,Partnership,None,East,3,No,11,13,Yes,1
08000382,30,1776061,5824478,6088335,789,2436075,699971,12,5,Retail,Proprietorship,Deposit,South,1,Yes,2,14,Yes,1
08000383,46,7311828,6336109,2165290,491,2461368,23620,18,6,Retail,Private limited,Deposit,East,3,No,20,3,No,1
08000384,49,12030695,2673209,7618524,676,1990272,300748,13,4,Retail,Private limited,Property,East,7,Yes,10,3,Yes,1
08000385,44,24240414,2220427,708286,480,2202542,328666,4,2,Agriculture,Proprietorship,None,East,1,Yes,16,5,Yes,0
08000386,67,30679488,2798474,622715,738,1429808,-64034,8,5,Manufacturing,Private limited,Deposit,North,8,Yes,15,2,No,0
08000387,63,22463197,5521581,784267,699,577472,377194,21,2,Retail,Partnership,Property,West,4,No,1,17,Yes,0
08000388,36,27270799,7998484,4528542,589,435386,806292,14,1,Services,Private limited,Property,East,2,Yes,23,17,Yes,1
08000389,60,15970644,2543301,3792465,511,1331235,699090,21,1,Services,Proprietorship,Deposit,East,3,Yes,24,22,Yes,0
08000390,43,12235534,6796425,6341504,691,2799321,86914,25,1,Retail,Partnership,None,North,7,No,19,22,Yes,1
08000391,67,14693406,5519660,6638548,680,3641208,487591,12,2,Retail,Private limited,Property,North,6,Yes,1,3,No,0
08000392,53,10838209,3408424,6434754,828,1740143,798103,18,2,Retail,Partnership,Deposit,North,3,Yes,11,7,No,1
08000393,69,17740817,5961878,2723236,658,503596,184275,20,7,Retail,Private limited,None,North,0,Yes,5,3,Yes,1
08000394,59,5001498,1946373,2993885,632,476792,103891,21,5,Retail,Proprietorship,Deposit,West,5,Yes,10,22,Yes,0
08000395,57,8954303,4660144,4126940,638,3055274,406034,23,2,Retail,Proprietorship,Deposit,South,5,No,8,0,Yes,0
08000396,43,20920833,933169,3298516,545,1772417,67874,13,0,Agriculture,Private limited,Property,East,0,Yes,3,13,No,0
08000397,56,21227807,3591659,4460859,527,3223777,678345,23,7,Retail,Private limited,Deposit,North,4,Yes,16,9,No,0
08000398,27,25253394,4792399,3647358,838,612725,761315,16,6,Retail,Partnership,Deposit,East,4,Yes,9,17,No,1
08000399,49,24471838,3527000,6559297,700,2037114,412924,21,5,Manufacturing,Partnership,Deposit,South,1,Yes,21,23,No,1
08000400,66,33109289,421654,3016367,515,3032988,609726,2,7,Retail,Partnership,Deposit,West,3,Yes,1,5,No,1
08000401,55,29005246,5120745,6688362,516,2523963,432244,2,5,Services,Proprietorship,Property,North,8,Yes,12,10,Yes,0
08000402,28,6311943,3508994,3597645,699,2372583,752652,6,1,Retail,Private limited,None,North,0,Yes,20,2,Yes,1
08000403,36,33230157,4210766,7344713,684,2021222,-22985,1,2,Manufacturing,Partnership,None,West,7,No,12,9,Yes,1
08000404,63,19562348,6888570,1381103,510,2886163,730288,1,4,Manufacturing,Partnership,Property,West,1,No,19,12,No,1
08000405,36,22805727,4157420,6338328,679,856565,822945,10,6,Manufacturing,Private limited,Property,West,7,Yes,21,13,No,0
08000406,68,33236855,3675282,5552479,731,2297577,686122,4,1,Services,Partnership,Deposit,North,6,No,11,22,No,0
08000407,57,27616771,7591712,3476189,485,1387343,95578,0,1,Services,Partnership,Property,West,3,Yes,24,12,No,0
08000408,36,12347156,393007,7378426,701,2862805,552877,9,0,Agriculture,Partnership,Property,South,3,No,19,2,No,0
08000409,44,29298974,4901988,2657431,550,1632809,119320,17,5,Services,Private limited,None,South,1,Yes,2,22,Yes,0
08000410,37,5786333,7043143,4509567,789,3117257,720129,24,5,Agriculture,Proprietorship,None,East,3,Yes,21,20,No,1
08000411,44,31075180,3630597,4322067,521,3740682,547604,22,7,Agriculture,Proprietorship,Deposit,South,1,Yes,23,23,No,1
08000412,44,4668953,5447476,2425255,640,1329355,255666,19,3,Manufacturing,Partnership,None,East,2,No,0,2,Yes,0
08000413,34,8905092,3438354,2908389,695,1304520,609722,23,5,Agriculture,Private limited,Property,West,5,Yes,9,21,No,0
08000414,39,29324695,7614288,4034296,669,1331342,234130,3,7,Retail,Private limited,Property,South,2,Yes,1,13,No,1
08000415,22,19261498,1078245,2835453,709,1017514,11187,10,4,Agriculture,Partnership,Deposit,South,6,Yes,0,16,Yes,0
08000416,47,6337598,7831918,7047054,495,702453,834239,25,4,Manufacturing,Private limited,None,North,4,Yes,24,9,No,0
08000417,46,9397960,2979936,5746495,730,2214963,32603,3,3,Agriculture,Partnership,Deposit,West,2,No,24,22,No,1
08000418,29,2586946,-162991,1582107,763,1129530,813901,20,7,Manufacturing,Private limited,Deposit,North,7,Yes,18,16,Yes,1
08000419,36,32877728,3705345,1913281,491,1068888,713168,12,6,Retail,Partnership,None,West,8,No,7,14,Yes,1
08000420,30,21169935,2797456,4363871,741,2562391,35756,2,1,Retail,Proprietorship,Property,South,6,No,21,15,No,1
08000421,64,26764842,141064,5291451,759,1946699,633011,12,5,Retail,Partnership,Deposit,North,4,Yes,8,10,No,0
08000422,28,8102109,836521,4883952,685,3431449,481034,18,1,Services,Proprietorship,None,South,8,Yes,7,11,Yes,0
08000423,48,8771445,3895417,5460735,553,3323843,209292,12,5,Manufacturing,Proprietorship,None,North,2,Yes,6,10,Yes,0
08000424,49,13652517,4810416,1089788,705,3464929,38172,9,0,Retail,Proprietorship,None,South,0,Yes,9,12,Yes,0
08000425,22,26606042,2686759,1865966,647,1891764,-53540,7,2,Retail,Private limited,Property,West,4,No,24,5,Yes,0
08000426,48,13688031,1107082,6208458,523,2751080,556560,15,7,Manufacturing,Private limited,Property,West,1,No,11,12,No,0
08000427,61,29336015,6549741,6888547,782,1760850,216980,24,4,Agriculture,Partnership,Deposit,North,1,No,3,0,Yes,1
08000428,35,30332738,558739,3886787,724,2786038,369852,22,0,Agriculture,Private limited,None,West,7,No,22,8,No,0
08000429,69,18520827,3646878,2060112,626,285796,773124,14,3,Retail,Partnership,Property,South,3,No,15,23,Yes,1
08000430,30,29100582,3195861,1787500,630,2794526,581426,25,3,Retail,Partnership,Deposit,West,3,No,24,2,Yes,1
08000431,55,14993726,4561490,943138,671,1616858,336136,19,2,Agriculture,Private limited,None,South,2,Yes,11,5,Yes,1
08000432,35,5025432,4966682,2649335,573,3661015,503841,3,0,Services,Proprietorship,Property,East,3,No,20,18,No,0
08000433,66,34317699,4107883,3689656,813,1339492,644966,0,0,Agriculture,Partnership,Deposit,North,1,Yes,22,5,No,1
08000434,32,2952253,5756795,4337649,531,3191935,761641,18,6,Agriculture,Private limited,None,West,8,Yes,13,13,No,0
08000435,61,33930965,-205745,5069533,636,2513828,174839,9,3,Retail,Private limited,Deposit,North,2,No,25,15,Yes,0
08000436,35,16658578,5176434,1615899,787,2128524,487708,20,2,Manufacturing,Proprietorship,Property,South,6,No,4,10,Yes,0
08000437,65,6779747,2117526,2114640,721,1555168,842463,18,0,Agriculture,Proprietorship,Deposit,South,6,Yes,8,12,No,0
08000438,52,34785715,5113458,6756933,642,797408,523792,5,0,Agriculture,Private limited,None,South,0,No,11,12,Yes,1
08000439,42,21028931,7182027,2640321,830,3809028,349001,21,1,Agriculture,Proprietorship,None,East,7,Yes,12,18,No,0
08000440,42,33473321,6233846,6692901,830,1850663,533864,1,3,Agriculture,Private limited,Deposit,East,5,No,0,4,No,1
08000441,40,32824264,6248678,3314141,551,2405086,720976,5,4,Services,Proprietorship,Deposit,North,2,Yes,12,20,No,0
08000442,40,19309996,3007852,812550,582,1519989,661056,10,1,Manufacturing,Proprietorship,Property,East,3,Yes,2,1,No,0
08000443,37,25381373,4017102,4819323,505,1770456,236994,9,0,Services,Proprietorship,Deposit,West,2,Yes,22,6,No,1
08000444,52,17063185,1162676,5002641,790,905354,10823,16,5,Services,Proprietorship,Deposit,North,3,No,15,25,Yes,1
08000445,56,10027018,2545258,966839,825,2391326,-47476,15,6,Services,Partnership,Deposit,South,4,No,15,18,Yes,1
08000446,62,24837948,4403370,323595,751,1064695,514253,12,6,Manufacturing,Partnership,Deposit,West,0,No,25,22,No,1
08000447,24,11150381,2762857,4994513,651,525596,79459,15,7,Services,Partnership,None,West,8,Yes,25,1,No,1
08000448,57,25723086,1729204,2128929,803,3978790,169103,0,2,Agriculture,Proprietorship,Deposit,South,6,Yes,11,14,Yes,1
08000449,48,16934556,191907,6383740,501,953216,415129,6,1,Retail,Private limited,Property,East,0,No,7,15,No,0
08000450,37,12073326,2039845,4845888,731,2889233,264830,20,6,Services,Private limited,Property,West,6,No,17,23,No,1
08000451,52,27280395,5715947,936096,747,2147655,560944,12,3,Manufacturing,Proprietorship,Deposit,East,3,No,2,1,Yes,0
08000452,51,13341395,7872465,915030,764,2656693,34616,14,5,Agriculture,Partnership,Property,East,3,No,15,19,No,1
08000453,52,30751698,5981924,6851297,750,30616,565085,23,0,Agriculture,Partnership,Property,East,3,No,12,13,Yes,0
08000454,63,13366208,2807854,457717,819,2970604,195680,3,4,Agriculture,Partnership,Property,South,4,Yes,6,6,No,1
08000455,52,21210368,1146103,7469057,736,2210131,111649,22,2,Services,Proprietorship,None,North,4,Yes,25,9,Yes,0
08000456,56,29539867,1043302,6009720,608,1069986,653274,1,0,Services,Partnership,None,South,7,No,8,20,Yes,0
08000457,29,31876082,-195297,724363,540,1709027,340304,11,2,Manufacturing,Partnership,Property,North,2,No,17,24,No,0
08000458,41,3928359,1129463,7999326,701,3480069,120979,20,2,Agriculture,Partnership,None,West,7,No,18,17,No,1
08000459,43,5125939,2960700,693329,751,3764372,847916,11,7,Services,Private limited,Deposit,East,6,No,15,2,Yes,1
08000460,57,16472289,5355365,4423399,480,2220200,424125,9,4,Agriculture,Private limited,Deposit,West,0,No,14,21,No,0
08000461,57,4340295,1687165,259696,669,575024,364555,8,6,Services,Private limited,None,West,7,Yes,7,14,Yes,0
08000462,49,22250385,7453180,3959204,528,1874717,826891,10,0,Manufacturing,Proprietorship,Deposit,East,2,Yes,16,9,Yes,0
08000463,36,32559552,5777323,2918459,684,2833478,-16981,7,0,Agriculture,Private limited,None,North,6,No,19,20,No,0
08000464,55,4222642,3757402,2604263,749,3603325,748427,8,7,Services,Partnership,Property,West,1,Yes,18,9,Yes,1
08000465,55,16518185,1058916,5862854,585,908170,447560,18,0,Manufacturing,Private limited,None,South,6,Yes,15,17,Yes,0
08000466,49,24757854,-206545,4762010,545,3634236,218395,19,1,Agriculture,Partnership,Property,West,6,Yes,21,2,Yes,0
08000467,68,25535443,2671064,244758,525,1236247,640753,24,1,Retail,Partnership,Property,South,2,No,9,19,Yes,0
08000468,57,26801043,2192247,1320999,562,420381,453683,15,7,Agriculture,Proprietorship,None,East,0,Yes,24,3,Yes,0
08000469,68,7631561,427661,4228180,830,241340,628295,8,3,Retail,Partnership,Deposit,North,5,No,14,19,Yes,0
08000470,64,24217206,169943,1393216,823,3761406,705265,20,3,Services,Partnership,Deposit,East,0,Yes,10,7,Yes,0
08000471,58,17063108,6920831,3815087,659,1279713,571533,6,1,Agriculture,Proprietorship,Deposit,North,7,No,24,12,No,1
08000472,21,9358296,2310212,4039035,483,2649638,397169,12,4,Services,Private limited,Deposit,East,0,Yes,21,0,No,1
08000473,42,2733345,7276501,4776358,721,83475,487502,21,4,Manufacturing,Proprietorship,Deposit,South,6,No,16,20,No,0
08000474,46,29960298,4754454,5524088,586,810587,712868,24,4,Retail,Proprietorship,Deposit,North,1,No,12,7,Yes,0
08000475,60,13070769,962643,5832071,693,3364804,428925,16,1,Manufacturing,Proprietorship,None,East,6,Yes,15,17,No,0
08000476,62,10219456,7863841,585289,766,3726366,83818,23,5,Manufacturing,Partnership,Property,East,8,Yes,23,21,Yes,1
08000477,21,32855796,2093251,5286777,758,3961371,237051,14,2,Manufacturing,Proprietorship,Deposit,East,7,No,25,3,Yes,0
08000478,30,27146140,710170,4166776,635,836229,397563,2,5,Retail,Private limited,Deposit,East,5,No,18,18,Yes,1
08000479,25,29631059,1958266,2818377,794,3301362,688269,3,4,Manufacturing,Private limited,Deposit,South,6,No,22,12,No,1
08000480,46,11741946,1809110,3135861,811,3113798,691950,13,1,Services,Partnership,Property,South,7,Yes,24,17,Yes,1
08000481,48,18437715,5671890,1581213,713,1450159,240082,17,0,Agriculture,Partnership,Property,North,7,No,2,4,Yes,1
08000482,31,19435730,3708791,5462580,775,3986962,375367,15,0,Services,Partnership,Property,South,1,No,24,23,Yes,1
08000483,29,9747821,3767778,752666,818,323346,-35901,13,2,Agriculture,Partnership,Deposit,East,7,Yes,11,18,Yes,1
08000484,28,17247637,3591579,6628630,761,778856,54951,11,0,Retail,Proprietorship,Property,East,6,Yes,24,12,Yes,0
08000485,46,6443577,7996983,1213265,498,3329162,94634,2,3,Agriculture,Partnership,None,East,2,Yes,0,23,No,1
08000486,23,32107492,7919876,6729543,631,1273336,209860,9,4,Agriculture,Partnership,Property,West,7,No,15,18,Yes,1
08000487,27,34862548,3485080,2609096,592,1259904,790287,14,5,Agriculture,Partnership,None,South,5,No,4,12,No,1
08000488,39,7065650,7906189,3961180,601,3411690,833100,15,7,Manufacturing,Private limited,Deposit,East,0,Yes,20,1,Yes,1
08000489,42,14763236,2247141,7991170,508,3636610,81710,3,7,Manufacturing,Partnership,Deposit,East,7,No,25,14,Yes,1
08000490,60,34289448,-12314,3016464,767,733518,813389,17,0,Retail,Partnership,Property,South,4,No,24,25,Yes,0
08000491,31,12728652,6195265,7678988,577,2638490,112746,21,2,Agriculture,Private limited,Property,West,4,Yes,20,11,Yes,0
08000492,31,25154995,6545292,5299359,805,2663688,144911,22,0,Agriculture,Partnership,None,West,8,No,23,4,No,1
08000493,55,7801000,4562810,3220069,688,2076842,40786,15,3,Services,Partnership,Property,West,1,Yes,6,24,Yes,0
08000494,55,32302086,1987743,3995410,635,1710365,709781,24,4,Services,Partnership,None,South,6,Yes,25,10,Yes,1
08000495,44,16354793,1811146,6086746,764,2904148,347413,18,6,Retail,Private limited,Deposit,South,7,Yes,12,16,Yes,1
08000496,52,17055916,5694551,1886486,586,3847683,165107,20,6,Services,Partnership,Property,South,7,Yes,0,5,Yes,0
08000497,23,17398738,3782488,981058,675,50717,-47006,17,6,Retail,Proprietorship,Property,North,7,Yes,14,1,No,1
08000498,42,18880286,1381559,5114783,646,3696467,623706,1,1,Manufacturing,Proprietorship,Deposit,North,7,Yes,7,12,Yes,0
08000499,61,19794847,3708304,2521732,693,491704,105868,24,1,Manufacturing,Partnership,Property,North,8,Yes,3,25,Yes,0
08000500,34,28129444,3818467,1030794,649,75907,370490,25,5,Agriculture,Proprietorship,Property,South,5,Yes,20,11,No,1
08000501,38,24930118,6375413,5775746,575,3839244,675549,13,3,Services,Private limited,None,South,5,No,13,21,No,1
08000502,35,24287526,913884,3887990,850,3800640,159927,22,0,Agriculture,Private limited,None,East,8,Yes,8,6,No,0
08000503,44,18723310,2426555,4088610,766,695130,678219,11,1,Manufacturing,Proprietorship,Property,West,3,Yes,18,7,No,0
08000504,39,23181895,1309493,277663,830,434223,236854,2,2,Manufacturing,Proprietorship,Property,South,6,No,6,4,Yes,1
08000505,57,26583070,3860479,7500458,769,1672975,87092,11,2,Retail,Private limited,Property,South,2,No,5,6,No,0
08000506,25,14937880,2414012,7910813,827,3425871,717979,25,1,Services,Partnership,Deposit,East,5,Yes,18,5,Yes,0
08000507,49,5660597,21107,5694895,540,498666,298491,14,3,Retail,Proprietorship,None,West,6,No,14,11,Yes,0
08000508,68,23863550,5049535,2308110,551,1199154,44689,16,0,Agriculture,Partnership,Property,North,6,Yes,25,15,Yes,0
08000509,55,29878680,-169648,5204942,613,3262845,663234,2,7,Services,Partnership,Property,South,6,Yes,24,6,No,0
08000510,58,32868665,1522129,4349820,765,821307,-20967,18,7,Retail,Partnership,Property,North,0,No,11,10,No,1
08000511,60,3716055,6713382,1521308,850,1209218,331306,1,6,Agriculture,Proprietorship,None,South,8,Yes,15,11,Yes,1
08000512,62,26221448,3522678,3929129,539,950608,577920,18,1,Services,Proprietorship,Deposit,West,0,No,11,22,Yes,0
08000513,42,15136253,3047661,1334934,796,2882374,533971,6,7,Agriculture,Proprietorship,Deposit,West,1,No,24,3,No,0
08000514,69,24956074,4413382,4042924,690,1950891,814448,21,4,Services,Partnership,Property,South,0,No,7,3,Yes,1
08000515,44,16329298,1658894,429182,830,880424,673963,11,6,Manufacturing,Partnership,Property,South,7,No,14,22,Yes,0
08000516,35,33450057,1098055,4239919,612,2609795,-33410,19,7,Services,Private limited,Deposit,West,7,No,7,23,No,1
08000517,60,6363181,-145229,684497,758,3443917,763444,18,2,Retail,Private limited,Deposit,East,4,No,22,9,No,1
08000518,28,18130704,468272,5617025,511,2441544,-12014,9,4,Manufacturing,Private limited,Property,North,6,No,6,24,Yes,0
08000519,37,29380606,3461417,3866674,607,2669851,604770,18,7,Manufacturing,Private limited,Deposit,East,2,Yes,1,18,No,1
08000520,34,19792948,3349401,222269,609,2163152,374050,7,7,Agriculture,Private limited,Deposit,East,6,No,3,22,Yes,1
08000521,54,23842945,6583885,3935460,529,1133256,307827,16,5,Retail,Private limited,None,North,3,No,11,0,Yes,0
08000522,40,13703333,7055590,2316324,634,1798768,503476,11,2,Agriculture,Partnership,None,West,4,No,3,2,No,1
08000523,69,25030539,464633,1452154,534,3389792,128680,23,4,Services,Private limited,Property,South,6,No,14,12,No,0
08000524,35,9673015,985602,3561601,607,3640761,-45136,13,2,Services,Partnership,Deposit,North,3,No,0,11,No,0
08000525,51,13430145,4877489,7875721,542,786392,238450,19,7,Manufacturing,Proprietorship,None,East,2,Yes,19,4,Yes,1
08000526,57,1593046,1322992,5688178,802,1644460,545454,23,4,Services,Private limited,Property,South,7,Yes,20,17,No,1
08000527,31,24367202,3477629,2381324,821,1703288,212773,8,7,Agriculture,Partnership,None,West,5,Yes,2,14,Yes,1
08000528,57,17715353,7347593,2870057,548,1243214,740558,4,3,Agriculture,Partnership,Deposit,North,0,No,20,25,No,0
08000529,58,20682069,507182,5286160,704,922898,815721,10,7,Agriculture,Private limited,None,West,6,Yes,5,10,No,1
08000530,24,8996109,391182,2611985,727,1471750,774265,10,5,Services,Partnership,None,North,5,Yes,18,10,No,0
08000531,66,13860868,7463129,7822630,812,3006336,713247,24,3,Manufacturing,Proprietorship,None,East,3,Yes,11,0,No,0
08000532,26,27813655,369542,3681465,724,2017546,740390,6,4,Agriculture,Private limited,None,West,2,No,9,24,Yes,0
08000533,59,17306997,1102124,4007320,665,2640324,-60000,15,4,Manufacturing,Private limited,Property,East,3,No,12,23,No,0
08000534,43,5598990,960610,3859865,716,3749431,556174,21,3,Agriculture,Proprietorship,Property,West,4,Yes,17,1,No,1
08000535,22,25610848,7613829,7313585,752,796335,364613,11,6,Services,Private limited,Property,North,1,Yes,19,2,Yes,1
08000536,39,2272041,1583929,2926076,572,1050434,-29644,7,3,Services,Partnership,None,East,0,No,11,25,Yes,0
08000537,34,17177739,4493855,6217100,601,1570616,-38763,8,6,Services,Partnership,Property,North,6,Yes,18,4,No,0
08000538,35,19535622,4162146,4584388,505,2672595,767017,16,4,Agriculture,Private limited,None,East,6,No,15,8,Yes,0
08000539,27,13046119,2456590,1922757,749,2083119,762259,16,2,Agriculture,Private limited,Property,South,4,Yes,25,23,Yes,0
08000540,43,34624163,4886339,5465015,685,747095,5970,2,0,Agriculture,Private limited,None,West,4,Yes,18,21,Yes,1
08000541,42,5908161,2623121,4592316,521,3790063,31831,1,6,Agriculture,Proprietorship,None,East,2,No,1,4,Yes,1
08000542,29,15432263,2714412,4376041,702,3038341,611091,0,2,Manufacturing,Private limited,Property,North,3,Yes,17,8,No,1
08000543,29,8592833,-184186,509192,824,2542443,756209,12,6,Manufacturing,Private limited,None,North,8,No,0,10,No,1
08000544,36,3029247,5178554,4352459,724,1824772,517512,1,5,Retail,Private limited,Deposit,South,6,No,22,18,No,1
08000545,61,11952990,4538052,6679005,575,1689513,330771,14,7,Agriculture,Partnership,Property,East,6,No,24,2,Yes,1
08000546,65,25538345,208755,5095002,740,562584,743495,20,3,Agriculture,Private limited,Deposit,North,0,Yes,13,18,No,0
08000547,25,21441058,3539593,2452900,610,2347350,-68100,12,2,Services,Private limited,Deposit,West,4,Yes,1,14,No,0
08000548,46,27421348,5475474,6091064,808,3676062,806825,7,5,Retail,Proprietorship,Property,West,5,No,7,12,No,0
08000549,39,2502021,3528687,3429642,741,68725,624844,8,0,Manufacturing,Proprietorship,Property,West,1,Yes,22,4,Yes,1
08000550,61,13199671,3366593,3320438,706,3295594,114589,15,7,Manufacturing,Private limited,Property,South,6,Yes,10,14,Yes,0
08000551,34,2849335,6665700,1672914,772,886938,-19441,12,5,Retail,Private limited,Property,North,6,Yes,21,6,No,1
08000552,63,18407227,4410464,7366005,704,1180003,632948,17,1,Retail,Proprietorship,Deposit,South,0,Yes,23,23,Yes,0
08000553,27,21364543,6884329,6559168,742,3733897,832139,2,5,Manufacturing,Proprietorship,Property,South,7,Yes,15,0,Yes,1
08000554,66,32597871,1142919,1465781,538,2347425,256074,9,5,Retail,Partnership,Property,South,2,Yes,22,1,No,0
08000555,36,22825317,3748168,4689663,568,3347686,22368,3,3,Services,Partnership,None,West,0,No,4,4,Yes,1
08000556,29,26208784,6738795,6271550,526,3846154,333136,16,4,Agriculture,Partnership,Deposit,North,8,Yes,17,13,No,0
08000557,64,12508811,1782119,2941707,610,1601530,675497,9,7,Retail,Partnership,Deposit,East,0,No,13,16,Yes,0
08000558,60,34031017,424854,3421415,485,1628232,-29719,24,0,Manufacturing,Private limited,Deposit,South,1,No,13,25,No,0
08000559,50,30969026,6830536,5138936,527,1355598,441183,17,4,Services,Proprietorship,None,East,4,No,17,20,No,1
08000560,27,11021162,2920214,4186933,542,2483038,-9354,21,2,Services,Private limited,Property,North,2,Yes,9,16,No,0
08000561,31,25609675,6588958,2025267,822,1668212,405972,8,4,Retail,Proprietorship,None,South,8,Yes,0,22,Yes,1
08000562,54,12462434,382258,928746,534,1927902,120829,14,4,Services,Private limited,Deposit,North,4,No,19,7,No,0
08000563,33,15817812,-184518,7986481,667,3354914,649483,12,4,Services,Partnership,Property,West,8,No,25,17,No,1
08000564,45,17571683,1534071,443635,521,1537108,185674,10,3,Manufacturing,Partnership,None,East,6,Yes,7,11,Yes,0
08000565,35,29006199,2938047,3387243,591,1289104,94729,1,1,Agriculture,Partnership,None,South,7,Yes,17,11,No,1
08000566,37,7587172,7391921,6512325,806,3200632,722466,24,1,Retail,Proprietorship,None,West,6,No,22,3,No,1
08000567,59,33412074,5924,6244018,833,3135152,289519,1,0,Retail,Partnership,None,West,8,No,20,2,Yes,1
08000568,58,30714986,6902316,6741598,838,45765,249438,15,4,Agriculture,Proprietorship,Property,North,3,Yes,16,7,No,1
08000569,26,15014486,1554542,4785955,815,2480529,-61252,7,1,Manufacturing,Partnership,Deposit,North,2,No,18,8,No,0
08000570,67,4651902,6359080,7406018,784,3815769,270160,11,2,Retail,Proprietorship,None,South,3,Yes,9,9,Yes,0
08000571,29,15504825,5005623,217733,847,2301992,378350,15,3,Retail,Proprietorship,Property,South,4,No,4,21,Yes,1
08000572,43,4270792,6060545,6379970,612,50668,507512,21,1,Manufacturing,Partnership,None,East,1,Yes,20,5,Yes,0
08000573,67,20291236,4992504,2616083,669,1337263,473435,0,4,Retail,Partnership,Deposit,North,4,No,19,1,Yes,0
08000574,35,34426826,3945843,4836850,719,236504,305537,21,0,Services,Private limited,Deposit,South,1,Yes,8,12,Yes,0
08000575,69,26509106,1356363,5000134,755,2839669,833446,3,0,Manufacturing,Partnership,Property,North,3,No,25,25,Yes,1
08000576,28,21875273,4339953,6552361,518,3803781,714289,17,1,Manufacturing,Private limited,Property,South,0,Yes,1,10,No,1
08000577,22,27694236,5964553,3416235,513,333974,3267,14,7,Services,Partnership,Property,West,2,No,5,8,No,0
08000578,68,26216905,5407351,5835464,566,3310975,142658,13,2,Services,Proprietorship,None,North,3,Yes,14,18,Yes,1
08000579,41,25707170,2489437,3635768,517,23502,-17280,14,2,Services,Private limited,None,East,0,Yes,13,8,Yes,0
08000580,69,24703040,2077637,7852700,556,116176,161494,12,0,Retail,Proprietorship,Deposit,West,8,No,6,4,No,0
08000581,43,2404022,2306118,7304675,745,312389,216025,12,1,Manufacturing,Partnership,Deposit,West,5,No,10,25,Yes,1
08000582,56,12356187,6322886,4751896,777,3746345,178404,7,6,Manufacturing,Proprietorship,Deposit,South,3,No,11,16,No,1
08000583,63,4259793,482015,1022741,513,2459153,169464,12,7,Services,Proprietorship,Property,North,8,No,20,24,Yes,0
08000584,57,9700895,6649929,4411599,606,2865566,141950,1,5,Manufacturing,Partnership,Property,West,0,No,6,18,No,0
08000585,42,16818483,5064462,4936178,678,723388,743197,3,1,Retail,Private limited,None,South,2,Yes,25,8,No,1
08000586,38,13391449,6358268,5323416,553,531603,591033,11,2,Services,Private limited,Property,North,3,Yes,24,1,Yes,0
08000587,63,2714801,1333221,2698189,806,1183331,177825,5,0,Manufacturing,Proprietorship,Property,South,0,No,24,0,Yes,0
08000588,66,10122795,6531067,5738856,597,1117060,-58524,15,6,Manufacturing,Proprietorship,None,North,5,No,13,3,Yes,1
08000589,49,29410091,228577,1093642,801,872015,755343,21,6,Services,Proprietorship,Deposit,North,0,Yes,23,14,No,0
08000590,25,10965917,3641350,7539142,675,3596223,813749,2,1,Manufacturing,Private limited,None,West,7,No,1,5,No,1
08000591,21,7861135,5311015,6640033,817,2035283,473221,0,2,Services,Private limited,Deposit,West,4,No,3,19,Yes,0
08000592,60,22543545,612244,4320539,850,3714226,288138,10,3,Services,Private limited,Property,East,4,No,13,22,Yes,0
08000593,25,18057181,7097450,6444702,643,3312038,158288,11,6,Agriculture,Proprietorship,Deposit,North,2,Yes,10,3,Yes,1
08000594,38,33313160,2876021,6987492,744,2096042,-64020,20,0,Retail,Proprietorship,Deposit,North,6,No,23,16,No,0
08000595,38,15129312,6408814,2829477,517,877442,42973,5,0,Agriculture,Partnership,None,East,8,Yes,16,24,No,0
08000596,26,5112916,3899358,3177576,501,1646684,98920,13,0,Agriculture,Partnership,None,North,5,Yes,2,3,No,0
08000597,36,2540412,2243683,3394437,824,3496976,478612,6,0,Retail,Proprietorship,None,West,1,No,8,24,Yes,1
08000598,35,21877916,621773,1462440,562,3157096,677664,24,5,Manufacturing,Proprietorship,Deposit,East,1,No,22,6,Yes,0
08000599,42,24680665,557069,7362136,770,3328916,138920,16,7,Agriculture,Partnership,Property,East,7,Yes,17,6,No,1
08000600,49,9232437,1022420,7471861,530,3541519,21821,0,3,Agriculture,Partnership,None,East,7,No,23,7,No,0
08000601,35,13765819,4777150,2704500,670,3242980,626683,13,3,Manufacturing,Private limited,None,West,8,No,0,18,No,0
08000602,69,13952646,2192979,3046088,642,2266737,283671,20,6,Agriculture,Partnership,Deposit,East,6,Yes,12,25,Yes,1
08000603,31,3242298,-73703,4221344,616,3922727,430178,24,1,Manufacturing,Private limited,None,West,1,No,18,7,Yes,0
08000604,36,23857954,595909,3169797,815,28720,692318,6,5,Manufacturing,Partnership,None,West,3,No,9,20,Yes,1
08000605,29,26180756,1105350,7121543,636,2404169,269006,10,1,Agriculture,Partnership,None,East,2,Yes,14,21,No,0
08000606,23,5950220,3441541,606954,843,1547827,230162,6,7,Manufacturing,Private limited,Deposit,West,5,No,17,6,Yes,0
08000607,53,24299288,1316848,5157103,574,3572409,623588,1,6,Services,Proprietorship,Deposit,South,3,No,15,16,Yes,1
08000608,39,14995717,1305459,6725788,826,20174,138697,18,1,Services,Proprietorship,None,West,2,No,21,5,Yes,0
08000609,33,34004643,2423526,374681,492,1221045,506204,14,1,Services,Proprietorship,Property,South,7,Yes,18,2,Yes,0
08000610,26,23523511,1153799,2856669,850,2973921,507274,23,2,Retail,Proprietorship,None,South,0,No,24,12,No,0
08000611,67,20810920,2915630,5419743,590,1308865,34995,11,6,Agriculture,Private limited,Deposit,East,3,Yes,18,0,Yes,0
08000612,39,18473671,7030013,3650033,643,207409,624035,23,5,Retail,Private limited,Property,South,7,Yes,12,4,Yes,1
08000613,49,32240178,2495182,5166367,820,2606816,560137,4,2,Agriculture,Partnership,Property,North,4,Yes,2,18,No,1
08000614,33,22880434,1533511,2678022,561,1063555,836925,3,3,Retail,Private limited,Property,South,1,Yes,19,16,No,1
08000615,52,6145208,3458816,5739922,488,2514847,61828,7,0,Services,Partnership,Deposit,North,1,Yes,7,3,No,1
08000616,41,26658401,5179810,3216329,766,2128347,828429,4,2,Manufacturing,Private limited,Property,South,3,No,16,4,Yes,1
08000617,52,17869676,5421911,5459130,578,1501394,509918,10,1,Agriculture,Proprietorship,None,West,5,No,10,20,No,0
08000618,69,25875912,6926823,6289537,737,1899181,214685,19,6,Manufacturing,Partnership,None,South,5,No,13,4,No,1
08000619,53,24258478,5588235,7371807,654,199486,253788,1,1,Manufacturing,Private limited,None,West,5,No,15,14,No,1
08000620,50,17581286,214073,6513835,575,2781659,347151,13,1,Manufacturing,Private limited,Property,North,6,No,7,5,Yes,0
08000621,36,5296958,6397134,6574535,695,3078698,398711,23,6,Manufacturing,Partnership,Deposit,South,6,No,5,7,No,1
08000622,51,6415216,651686,1342723,657,2729736,161022,1,7,Services,Proprietorship,Property,South,6,Yes,8,14,Yes,1
08000623,24,8075814,4260186,5426148,734,2231173,830884,15,0,Manufacturing,Private limited,Deposit,West,6,Yes,6,4,No,1
08000624,49,32793920,7970552,2644643,750,1625922,171849,17,2,Services,Private limited,Property,South,2,Yes,0,20,No,0
08000625,42,1946908,153077,7142805,811,1467790,-66405,21,5,Services,Partnership,None,West,6,No,20,18,No,0
08000626,23,22744975,2944976,3149951,649,3451474,553044,14,6,Retail,Proprietorship,None,South,8,Yes,15,23,Yes,1
08000627,59,10232826,1546993,2485892,754,238065,57240,6,7,Services,Private limited,Property,South,5,No,7,13,No,1
08000628,52,15021675,6128118,4671503,669,1307608,38949,25,4,Retail,Proprietorship,Property,North,8,Yes,14,9,No,0
08000629,51,26803513,198172,1995095,692,495894,135482,16,1,Agriculture,Proprietorship,Deposit,East,2,Yes,6,22,No,0
08000630,66,30546248,5260686,2472475,627,1909503,197748,2,4,Services,Proprietorship,None,North,0,No,0,14,No,1
08000631,64,30759341,6335317,5355786,577,3502093,70524,6,6,Retail,Proprietorship,None,West,0,Yes,21,24,Yes,0
08000632,57,1232680,6945987,7657782,825,2881612,34964,23,0,Retail,Proprietorship,Property,South,1,No,3,20,Yes,0
08000633,54,29747283,6546187,5883059,696,2166273,578545,5,7,Services,Partnership,None,North,3,Yes,14,8,No,1
08000634,60,15635821,253214,2027298,512,3877722,47024,19,2,Agriculture,Proprietorship,Deposit,South,3,Yes,15,4,Yes,1
08000635,23,11726233,4336102,306476,708,1160794,58168,0,3,Retail,Proprietorship,Deposit,West,0,No,4,3,No,0
08000636,30,25486997,4211308,4153708,557,2757110,377230,20,0,Retail,Proprietorship,Deposit,South,4,No,0,19,No,0
08000637,43,25599828,6690744,7179302,731,1346451,344493,10,4,Services,Partnership,Property,South,5,No,9,2,Yes,0
08000638,23,34745607,5267632,1250768,773,971655,662258,22,5,Services,Private limited,Property,West,2,No,13,9,Yes,1
08000639,42,21303126,3743676,1807161,600,1901297,188640,25,7,Agriculture,Private limited,None,West,4,No,20,13,No,0
08000640,57,31420212,7256447,6081139,585,1980526,591092,1,1,Manufacturing,Proprietorship,Deposit,West,4,Yes,8,4,No,0
08000641,67,21124414,3879096,5028258,665,1497754,302312,6,2,Services,Private limited,Property,South,3,No,15,14,No,0
08000642,63,4954287,2580189,6459668,579,549867,101487,25,5,Services,Partnership,Deposit,West,5,Yes,23,22,No,1
08000643,49,22796808,1491324,694921,544,2371746,171271,2,5,Manufacturing,Partnership,Deposit,South,5,Yes,7,20,No,0
08000644,26,3757359,6867222,6479369,679,3540498,719006,2,3,Manufacturing,Partnership,Deposit,North,7,No,23,13,No,0
08000645,53,30841930,92576,6666156,708,3533149,-22138,11,4,Agriculture,Private limited,Deposit,South,6,Yes,9,8,Yes,0
08000646,24,20733534,4482056,6537382,687,2903299,387778,19,6,Agriculture,Proprietorship,Deposit,East,8,No,0,1,Yes,0
08000647,64,24438074,2236066,4700811,637,3971187,808696,9,6,Agriculture,Proprietorship,Deposit,East,5,No,0,0,No,1
08000648,33,21815023,4073803,3270297,522,2197253,636504,24,1,Manufacturing,Partnership,Property,West,0,Yes,10,19,Yes,1
08000649,60,14480643,1080660,3908484,728,3568074,546400,18,2,Agriculture,Private limited,None,West,3,Yes,13,16,Yes,0
08000650,30,33540236,4753161,1609586,577,643829,818743,6,6,Agriculture,Proprietorship,None,West,2,No,10,13,No,0
08000651,65,33158830,-131738,6389384,526,2771097,603094,13,0,Manufacturing,Proprietorship,None,North,4,Yes,18,2,Yes,0
08000652,39,13430694,6962323,2648230,725,2988945,136771,4,6,Agriculture,Proprietorship,None,North,2,No,3,18,Yes,0
08000653,59,15169479,7420292,3868844,618,3139316,234754,25,5,Manufacturing,Proprietorship,Property,North,2,No,11,24,Yes,0
08000654,49,25676864,5639681,7599069,596,2369806,455282,6,1,Retail,Proprietorship,Property,South,1,No,16,21,Yes,0
08000655,52,24370449,787977,6634846,833,349256,-50533,18,7,Services,Proprietorship,None,West,5,No,9,25,Yes,1
08000656,46,13360164,3795566,7955165,635,1183101,375352,24,4,Retail,Partnership,Deposit,East,5,Yes,18,18,Yes,0
08000657,66,14772934,6976995,7071068,709,2695409,863,16,3,Services,Private limited,Property,South,1,Yes,11,15,No,1
08000658,48,18090442,1554886,591365,540,1727627,796903,16,1,Retail,Proprietorship,None,West,1,No,7,24,Yes,0
08000659,25,8939250,-92641,3636767,751,3123090,760643,11,6,Services,Private limited,Property,East,0,Yes,14,3,Yes,1
08000660,57,16686796,5554279,550639,595,2942347,190313,20,2,Manufacturing,Proprietorship,Deposit,North,0,Yes,18,20,Yes,0
08000661,56,7124770,2578478,6806508,658,3509709,326651,21,0,Manufacturing,Partnership,Property,East,2,Yes,17,13,Yes,0
08000662,48,7653255,5230097,2910927,796,3038569,186410,3,7,Agriculture,Proprietorship,Deposit,North,4,Yes,14,23,No,1
08000663,48,18549368,3371320,6830224,806,2165313,416895,14,5,Services,Private limited,None,East,4,Yes,21,0,Yes,1
08000664,22,27355861,7546374,5361056,487,2696745,569064,0,5,Manufacturing,Private limited,Deposit,South,7,Yes,8,19,No,1
08000665,42,17201964,6483605,361349,530,1704435,517595,3,2,Services,Proprietorship,Property,North,3,Yes,6,15,Yes,0
08000666,61,13749122,7170258,3453022,709,2949633,493408,14,6,Manufacturing,Proprietorship,None,West,1,Yes,17,25,No,1
08000667,60,6765387,5112676,4823822,489,1067482,-592,7,4,Retail,Proprietorship,Property,North,0,No,18,11,No,0
08000668,57,24573955,7013852,6021399,772,1647243,120624,7,7,Services,Proprietorship,Property,East,3,Yes,2,19,Yes,1
08000669,65,27714809,4179614,3458258,533,1876286,784205,11,5,Retail,Private limited,Deposit,West,7,Yes,4,13,Yes,0
08000670,69,21045861,4541811,4432824,547,3531986,242502,23,7,Manufacturing,Proprietorship,Property,South,4,No,21,14,No,1
08000671,26,9215562,6190492,683495,553,792186,745261,16,4,Manufacturing,Private limited,Property,South,0,No,24,22,Yes,1
08000672,40,30371199,7381510,6642321,777,197252,166533,24,5,Retail,Partnership,Property,West,4,No,4,18,Yes,1
08000673,67,14834218,5338685,7379161,749,668938,-24317,23,6,Retail,Partnership,Property,East,4,Yes,5,9,No,0
08000674,41,33798260,3391557,6461823,802,447024,625399,9,4,Agriculture,Proprietorship,Property,East,1,Yes,23,19,Yes,0
08000675,49,22898850,822259,2807278,795,3292974,294508,9,6,Manufacturing,Private limited,None,North,3,Yes,3,18,Yes,1
08000676,53,29783304,7247428,4469716,764,1990687,837422,20,6,Agriculture,Partnership,Deposit,South,4,Yes,21,4,Yes,1
08000677,62,16036737,4065001,4952712,651,3162940,105059,11,4,Agriculture,Proprietorship,None,North,5,No,25,2,Yes,0
08000678,52,3609827,6236,2472057,495,151277,768777,24,7,Services,Private limited,None,North,6,No,7,24,No,1
08000679,23,13366299,4258588,4278536,732,426646,832659,23,5,Agriculture,Private limited,None,North,2,No,13,24,No,1
08000680,41,14124124,2546408,6784094,750,3158760,224356,5,1,Retail,Proprietorship,None,East,3,Yes,23,25,Yes,0
08000681,43,18156419,1963856,1256446,583,2617912,184401,3,2,Agriculture,Partnership,Deposit,West,6,No,11,17,Yes,0
08000682,59,28685069,5225273,4102939,653,10169,422595,3,5,Services,Private limited,Property,North,4,Yes,14,12,Yes,0
08000683,57,13149735,6397610,754654,755,1156310,371506,21,2,Manufacturing,Proprietorship,None,East,2,No,23,16,No,1
08000684,54,11486458,4030460,6459096,668,1107107,420121,13,3,Manufacturing,Proprietorship,Deposit,East,8,Yes,25,20,No,0
08000685,25,33462904,5028591,680420,615,3122307,309713,12,1,Retail,Proprietorship,Deposit,South,2,Yes,11,4,Yes,1
08000686,26,11670597,6745936,4094105,821,1432524,458474,17,3,Manufacturing,Partnership,None,North,6,Yes,24,21,Yes,1
08000687,53,28762078,1153349,7458281,573,556123,724754,16,5,Manufacturing,Partnership,Property,East,0,Yes,10,6,Yes,0
08000688,21,27822235,3401233,4911076,766,2754192,-37874,11,1,Agriculture,Private limited,Deposit,South,4,No,11,9,No,0
08000689,56,11590919,6791889,596390,813,848253,510779,8,3,Services,Partnership,Deposit,South,2,No,13,13,Yes,1
08000690,51,19733803,7467823,6188274,640,3025449,471211,13,4,Retail,Proprietorship,Property,South,5,No,23,3,Yes,1
08000691,48,21145078,318490,6890266,822,2349545,197575,10,0,Agriculture,Private limited,Deposit,West,0,No,6,15,Yes,1
08000692,45,8335595,1941557,3945784,676,91683,659660,3,7,Retail,Private limited,Deposit,North,1,Yes,5,4,No,1
08000693,54,7195251,7064519,1897826,845,366424,767080,21,5,Services,Proprietorship,Property,South,4,Yes,1,25,Yes,1
08000694,58,26834368,5548201,7250649,573,1512714,625120,20,0,Manufacturing,Proprietorship,Deposit,West,3,No,6,21,No,0
08000695,45,4444892,4716322,6338271,650,1451650,156882,17,3,Retail,Proprietorship,Property,East,1,No,5,3,No,1
08000696,57,34183543,4091773,3905242,515,1934355,589111,15,5,Retail,Partnership,Deposit,West,0,No,24,25,Yes,1
08000697,55,31438059,2147308,500722,671,3367874,614221,10,4,Manufacturing,Private limited,None,North,1,No,24,8,No,1
08000698,61,14798622,4461007,6768018,829,1918433,329977,8,1,Services,Proprietorship,None,East,4,No,18,16,Yes,1
08000699,58,9057801,2831902,7010569,693,3609005,227906,3,0,Manufacturing,Partnership,None,South,3,Yes,22,12,No,1
08000700,29,16789104,2924938,1680601,576,1190832,735637,16,1,Agriculture,Partnership,Deposit,South,5,No,25,21,Yes,0
08000701,21,4522451,3891892,724193,531,3071600,260090,16,5,Agriculture,Private limited,None,East,3,Yes,25,21,Yes,0
08000702,56,25053151,6916539,4011480,488,3410368,579926,22,6,Services,Proprietorship,None,West,1,No,15,20,No,1
08000703,63,9147309,1625878,6109308,724,1821240,739060,17,0,Retail,Private limited,None,South,1,No,8,3,No,0
08000704,39,5990569,3983124,1898708,608,485005,633198,18,2,Agriculture,Proprietorship,Deposit,West,6,Yes,12,10,Yes,1
08000705,36,27617721,5595623,3519293,525,261815,710096,23,6,Services,Private limited,None,North,5,Yes,22,18,Yes,0
08000706,51,26377717,6727837,2567928,664,2895296,708695,3,5,Services,Proprietorship,Deposit,East,4,No,17,5,Yes,1
08000707,54,14029524,3547140,7906683,703,1485649,41010,6,7,Manufacturing,Proprietorship,None,North,1,No,14,9,No,1
08000708,21,3321217,2735296,3301596,628,1313319,214419,24,7,Services,Proprietorship,Deposit,North,7,Yes,12,3,Yes,0
08000709,66,11939876,935923,5265870,703,762387,397984,4,7,Services,Proprietorship,None,West,0,No,22,6,No,0
08000710,29,26776541,4732521,2624171,746,290128,180466,6,2,Services,Proprietorship,Deposit,East,3,No,4,8,Yes,1
08000711,66,9204962,1380719,6366181,760,1702603,672082,8,4,Services,Private limited,Property,North,1,Yes,4,12,No,1
08000712,59,26976948,4141036,1217737,775,125828,132825,16,2,Manufacturing,Proprietorship,Property,South,3,Yes,13,17,No,0
08000713,35,30410564,2159980,969223,769,2093388,36211,15,0,Retail,Proprietorship,Deposit,East,5,Yes,13,5,Yes,0
08000714,46,20318305,3915775,2762426,618,3557001,220362,5,5,Services,Partnership,Property,South,1,No,19,6,Yes,0
08000715,67,24176585,2877651,4037996,737,458963,768645,9,1,Manufacturing,Proprietorship,Deposit,East,1,No,5,20,Yes,0
08000716,51,28470845,1893112,5045670,571,3061275,847032,11,1,Retail,Proprietorship,None,East,4,Yes,7,2,Yes,0
08000717,60,13170900,1921402,7846687,648,1111667,219876,22,2,Retail,Proprietorship,Property,North,6,No,16,6,No,0
08000718,52,28250074,7270761,4155091,497,2130397,821094,8,1,Agriculture,Proprietorship,Deposit,South,1,Yes,15,8,Yes,0
08000719,24,4579365,6136700,4411624,708,928314,451327,18,5,Services,Private limited,None,South,5,No,25,22,No,0
08000720,47,9618757,7631467,4807464,843,3337433,583056,8,3,Services,Private limited,None,South,2,No,22,5,No,1
08000721,56,23651496,343911,7893439,538,64586,382396,13,4,Services,Partnership,Property,West,3,Yes,16,19,No,0
08000722,65,6324760,3396023,7211158,777,2858490,10032,16,6,Services,Proprietorship,None,West,5,No,2,11,Yes,1
08000723,55,23748737,4491143,3353905,738,2168847,277661,17,5,Services,Private limited,Deposit,North,8,No,11,7,No,0
08000724,65,18399872,3608634,454378,711,1276352,524923,22,7,Retail,Proprietorship,None,South,8,No,0,23,Yes,1
08000725,60,17148035,7695211,6666539,799,1226574,134726,23,3,Retail,Partnership,Deposit,West,7,Yes,13,25,No,1
08000726,28,23641768,5974275,5844464,822,3694270,14310,11,6,Manufacturing,Private limited,Property,South,2,No,24,8,No,1
08000727,25,2649673,851081,5327818,788,1942323,71617,22,1,Retail,Partnership,None,West,1,No,12,13,No,0
08000728,47,26054238,-230062,2803595,793,3545519,637963,15,6,Retail,Proprietorship,Deposit,East,1,Yes,4,25,Yes,1
08000729,42,32748204,5051367,2461595,563,3428326,114972,23,3,Agriculture,Private limited,Deposit,South,6,Yes,11,23,No,0
08000730,60,23560022,4170310,7796663,676,900858,239915,21,6,Manufacturing,Partnership,Deposit,South,0,Yes,8,2,No,1
08000731,30,34313517,5705359,5221075,695,3022449,-5287,11,5,Manufacturing,Private limited,None,West,2,Yes,20,24,No,1
08000732,37,31504533,2248828,5144921,835,377098,197080,16,7,Agriculture,Proprietorship,Deposit,West,7,No,22,3,No,1
08000733,60,8698998,2528764,2366651,631,3405867,195067,2,7,Services,Proprietorship,Deposit,North,5,No,17,1,No,1
08000734,59,11099980,3110635,3474307,796,3030513,833610,5,6,Manufacturing,Private limited,Property,South,2,Yes,17,17,Yes,1
08000735,61,9146750,3948664,666969,617,2188639,-22029,19,2,Services,Private limited,Deposit,North,6,Yes,25,11,Yes,1
08000736,69,7876479,4303435,614326,767,989080,348665,23,7,Retail,Private limited,None,South,8,No,2,8,Yes,1
08000737,67,34243785,3257531,1187766,679,274415,388710,12,7,Retail,Partnership,None,North,4,Yes,8,24,No,1
08000738,47,34261584,5331612,3341087,812,1260001,-71229,11,1,Agriculture,Private limited,None,West,6,Yes,3,24,No,1
08000739,41,5113640,4685571,1219417,521,3299228,36345,3,4,Manufacturing,Proprietorship,Property,South,3,Yes,2,25,No,1
08000740,36,13311234,5903078,7308190,586,3111330,260038,12,4,Agriculture,Proprietorship,Deposit,West,8,No,21,4,No,0
08000741,21,11328034,4785813,6616181,481,1693405,691290,4,7,Services,Private limited,Property,East,0,Yes,24,13,Yes,0
08000742,52,12884803,-36578,1592356,488,2649865,832256,5,1,Manufacturing,Partnership,None,West,5,No,10,19,Yes,0
08000743,43,15967352,4967242,1748271,723,1921,449894,3,7,Services,Private limited,None,North,6,No,9,12,No,0
08000744,64,34046143,985887,7065820,735,3599019,69060,14,3,Manufacturing,Private limited,Deposit,North,3,Yes,1,1,Yes,1
08000745,45,14166703,4386575,3200978,529,3990568,406078,21,7,Manufacturing,Proprietorship,Deposit,West,5,Yes,22,2,Yes,1
08000746,40,26049051,3377841,3805911,624,2691856,-8709,0,1,Manufacturing,Proprietorship,Property,East,7,Yes,14,11,Yes,0
08000747,55,17657779,-100715,2288342,769,1587217,848928,6,4,Retail,Proprietorship,Property,South,6,Yes,23,17,No,1
08000748,60,4766567,7868848,4107980,741,1646226,528983,25,7,Manufacturing,Proprietorship,None,East,7,Yes,9,5,Yes,1
08000749,41,28472944,4086880,5163931,689,1986304,443090,21,1,Services,Proprietorship,Deposit,East,3,No,23,5,No,1
08000750,27,4307146,7417293,1909231,525,1144885,822957,8,7,Services,Proprietorship,Deposit,South,7,Yes,25,11,Yes,1
08000751,61,14165654,4688507,2904006,608,1689239,767949,15,3,Services,Private limited,Property,West,5,No,6,14,No,0
08000752,21,22653348,7684452,7822579,833,529278,537362,11,7,Manufacturing,Partnership,Deposit,West,2,Yes,21,1,Yes,1
08000753,46,9919909,6563373,6547630,673,3466311,319181,17,5,Services,Proprietorship,None,South,8,No,0,2,Yes,0
08000754,54,26817657,6877646,383514,835,343106,175105,8,0,Services,Private limited,None,West,0,No,4,22,No,1
08000755,33,7188221,7676260,7883746,816,623765,265838,5,3,Manufacturing,Proprietorship,Property,West,0,No,25,23,No,1
08000756,25,10192578,1064965,3082038,588,2295932,184635,11,6,Services,Private limited,Property,North,4,Yes,23,22,No,1
08000757,48,1859890,5030461,1332149,572,1706396,832887,15,2,Retail,Proprietorship,Deposit,East,8,Yes,14,10,Yes,0
08000758,62,15294015,5172111,7893652,671,324771,21255,0,4,Manufacturing,Proprietorship,None,South,7,No,17,1,Yes,0
08000759,67,32297482,3213434,6072621,612,1876748,284476,6,7,Manufacturing,Private limited,Deposit,North,1,Yes,3,0,No,0
08000760,68,23218638,404282,894839,599,1053332,309272,22,2,Manufacturing,Private limited,Property,North,6,Yes,15,19,Yes,0
08000761,41,30309503,1128332,838346,588,1152945,288448,16,4,Services,Proprietorship,Deposit,South,2,No,16,18,Yes,0
08000762,23,14269325,5059246,1399800,659,3155813,718176,4,3,Manufacturing,Private limited,None,West,7,No,10,18,Yes,1
08000763,28,27129279,4972423,5051916,546,641530,573560,12,7,Services,Proprietorship,None,South,4,No,10,24,No,0
08000764,40,29094396,573349,5117508,781,1376561,778736,10,4,Agriculture,Partnership,Deposit,South,5,Yes,21,13,Yes,1
08000765,34,34730339,5931882,6267817,823,3102292,221059,23,3,Manufacturing,Partnership,Deposit,East,1,Yes,12,22,Yes,1
08000766,35,12116926,3032022,4686922,608,546412,-49040,16,2,Manufacturing,Private limited,Property,South,1,Yes,23,2,No,0
08000767,53,28729687,6544331,5739393,535,2988283,771992,16,4,Manufacturing,Partnership,None,West,8,Yes,12,14,No,1
08000768,61,2977259,5179552,550847,772,740461,67830,13,5,Agriculture,Proprietorship,None,West,5,No,20,17,No,1
08000769,45,24961433,6190171,4717582,823,1174602,368437,18,0,Agriculture,Partnership,Deposit,South,8,Yes,20,15,Yes,1
08000770,45,29121098,799740,2155345,694,1424901,697052,1,6,Manufacturing,Partnership,None,North,1,Yes,12,11,No,1
08000771,64,33932581,4868228,1336207,746,717978,392420,8,2,Manufacturing,Proprietorship,None,North,6,No,0,6,No,1
08000772,59,7065527,2965799,6622356,793,1525462,279032,12,2,Retail,Private limited,Deposit,South,4,Yes,2,17,Yes,1
08000773,38,17481260,4701287,4142838,537,2870020,193949,17,5,Agriculture,Private limited,Deposit,West,8,No,25,8,Yes,1
08000774,39,7200139,2288922,717657,731,690868,63612,3,0,Manufacturing,Partnership,Deposit,East,6,Yes,5,12,Yes,0
08000775,41,16257223,5943127,2616176,544,2303563,571309,25,3,Manufacturing,Partnership,Deposit,North,2,Yes,7,15,No,0
08000776,51,6501121,2786703,6114530,505,554992,778444,5,3,Manufacturing,Proprietorship,Deposit,East,2,Yes,16,22,No,0
08000777,27,15478067,754908,7330658,537,1504685,9813,22,0,Retail,Partnership,None,West,7,Yes,3,6,Yes,0
08000778,50,6465572,1627654,4754762,825,3865889,812495,4,5,Manufacturing,Partnership,Deposit,North,5,Yes,14,11,No,1
08000779,60,34502322,2599913,5687314,808,359780,301263,18,5,Manufacturing,Proprietorship,Property,West,2,No,4,6,Yes,1
08000780,23,3389198,2409050,6648592,714,1984240,299512,17,7,Manufacturing,Proprietorship,None,North,8,Yes,16,6,No,1
08000781,55,10913144,6547721,4662020,524,3306880,112166,1,6,Agriculture,Private limited,Property,North,2,Yes,24,13,No,0
08000782,61,33259969,4347260,748258,510,3341924,-67361,15,5,Manufacturing,Proprietorship,None,East,4,No,21,12,Yes,0
08000783,67,15355894,3474302,7867051,802,1404745,181819,8,2,Manufacturing,Partnership,Property,West,3,No,8,12,No,1
08000784,56,29994695,1368527,3670233,702,1040814,205501,3,2,Retail,Partnership,None,South,1,Yes,12,12,No,0
08000785,57,34991913,826987,1326457,574,863973,-25798,8,5,Retail,Private limited,None,South,6,No,0,19,No,1
08000786,34,22731409,7489850,4495003,731,3908288,312854,7,7,Retail,Proprietorship,Deposit,North,0,No,17,8,No,1
08000787,36,15169311,6948326,4344585,665,3547625,465859,23,5,Agriculture,Proprietorship,Deposit,North,7,No,16,7,No,0
08000788,51,13973946,881023,1797927,737,1181204,141815,10,0,Services,Partnership,Property,East,2,No,21,25,Yes,0
08000789,32,25706385,67647,5750064,729,3058509,99428,12,6,Services,Private limited,Deposit,West,8,No,7,3,No,1
08000790,40,33991460,508377,2509809,710,1936389,798841,10,5,Agriculture,Partnership,Property,East,7,Yes,14,9,Yes,0
08000791,51,3327059,4192013,5392275,774,1934857,504219,1,2,Retail,Private limited,Property,North,8,Yes,24,17,No,1
08000792,28,3977266,2432719,5446956,481,2443229,284435,10,0,Services,Partnership,Property,North,1,Yes,22,8,No,0
08000793,54,28442398,7421039,4957259,635,3832787,795474,7,0,Manufacturing,Partnership,None,East,1,Yes,5,18,No,1
08000794,67,29323130,36144,7665101,662,2634138,159655,17,7,Agriculture,Partnership,Deposit,East,8,No,13,10,Yes,1
08000795,65,5580710,1675315,5511705,817,2434033,813141,11,4,Agriculture,Private limited,Property,South,2,Yes,14,1,No,1
08000796,26,4911459,475951,5012232,699,1434713,542845,17,4,Retail,Proprietorship,None,North,2,Yes,13,24,Yes,0
08000797,42,23893327,4092642,3954651,625,1203423,562069,11,6,Retail,Private limited,None,North,6,Yes,15,2,Yes,1
08000798,65,34758868,2578795,6896815,542,462029,268729,2,3,Manufacturing,Private limited,Deposit,West,3,No,3,9,Yes,0
08000799,50,6959548,2447948,1675694,808,574977,118949,10,4,Manufacturing,Proprietorship,None,West,8,No,6,7,Yes,1
08000800,57,15364047,2845167,3686399,752,552248,49099,13,3,Manufacturing,Partnership,Property,West,7,No,3,19,No,0
08000801,50,31158484,3268545,3652922,593,640356,454748,12,1,Manufacturing,Partnership,Deposit,North,1,Yes,10,22,Yes,0
08000802,47,15867543,6078581,4916592,759,3548674,803493,16,5,Agriculture,Private limited,Property,West,2,Yes,22,20,No,0
08000803,52,15168526,2447739,4093640,635,627528,780114,21,5,Services,Proprietorship,Deposit,West,3,Yes,10,6,No,1
08000804,36,10948937,3367548,5520788,495,2302802,450777,0,1,Agriculture,Private limited,Property,South,4,No,23,2,No,0
08000805,41,15950944,3476276,744074,501,2390493,694972,10,6,Manufacturing,Partnership,Deposit,West,1,No,16,3,Yes,0
08000806,54,3638620,601506,1003989,546,3443101,493522,15,3,Retail,Private limited,Deposit,North,3,Yes,6,10,No,1
08000807,67,33746292,3570838,954476,615,2661369,304072,5,2,Agriculture,Private limited,None,West,5,No,24,16,No,1
08000808,34,12337364,1528922,7350144,727,2001067,562463,11,5,Services,Private limited,Property,North,3,Yes,25,8,Yes,0
08000809,69,16965997,4671511,5732416,719,308751,742749,17,6,Services,Private limited,Property,North,1,No,19,16,Yes,1
08000810,51,34178935,35720,6440697,620,2954444,644217,5,6,Retail,Partnership,Property,South,4,Yes,8,25,No,0
08000811,46,23355827,1747629,4441528,643,2112909,676179,22,0,Services,Partnership,Deposit,East,5,No,7,21,Yes,0
08000812,69,6530797,4450614,5319576,726,3468805,747990,0,1,Manufacturing,Partnership,None,North,0,Yes,7,21,No,1
08000813,56,32321693,6365773,3693761,631,1198659,114022,6,3,Retail,Private limited,Deposit,East,0,Yes,24,21,Yes,1
08000814,27,33016779,6714822,4619834,622,3285037,125689,22,0,Agriculture,Proprietorship,None,South,8,No,10,20,No,0
08000815,55,23989860,2350137,5028513,594,2187039,400163,17,7,Manufacturing,Partnership,Deposit,East,3,Yes,17,16,Yes,0
08000816,65,33641997,7878445,6984933,653,2866912,827097,8,2,Retail,Partnership,Deposit,North,1,Yes,17,3,Yes,1
08000817,67,12487800,6290967,3458013,518,2137060,438402,22,1,Retail,Partnership,Deposit,North,2,No,18,13,Yes,1
08000818,28,25474674,1781268,7958293,484,402826,708174,23,4,Agriculture,Private limited,None,West,1,Yes,9,25,No,1
08000819,55,9552918,3786096,7938415,770,84456,320336,15,1,Agriculture,Partnership,None,East,3,No,17,14,No,1
08000820,29,31192265,5884182,6163839,715,1740051,209291,3,4,Agriculture,Private limited,Deposit,East,8,No,24,11,Yes,0
08000821,37,1446412,2255448,3923425,582,3597554,273668,13,4,Agriculture,Partnership,Deposit,North,5,No,6,15,No,1
08000822,33,21431109,2208155,6396788,488,2380580,567050,22,2,Agriculture,Proprietorship,None,East,6,No,2,5,Yes,0
08000823,69,15473418,4143034,6365801,786,45081,74854,3,3,Agriculture,Proprietorship,Property,West,4,No,5,6,Yes,0
08000824,59,28190697,7272168,7892210,622,3351646,519477,18,5,Agriculture,Proprietorship,Deposit,East,7,No,1,23,Yes,1
08000825,25,32584732,3681826,1596403,782,1676841,269512,25,4,Services,Proprietorship,Deposit,East,4,Yes,12,21,No,1
08000826,26,2649390,6896509,6131236,842,3502737,734954,8,3,Retail,Private limited,Property,South,4,No,6,12,No,0
08000827,67,32292301,6365537,5564326,591,1204108,230222,16,4,Retail,Partnership,Deposit,North,4,Yes,7,21,Yes,0
08000828,34,12273612,7159185,5269804,723,3274340,59345,15,4,Agriculture,Private limited,Deposit,East,7,No,18,19,No,0
08000829,33,15762116,6536099,6269001,829,2611952,627510,9,4,Services,Partnership,Deposit,North,5,Yes,23,6,No,0
08000830,69,17981778,5202233,3084480,640,434263,741476,24,0,Manufacturing,Proprietorship,None,South,4,Yes,2,15,Yes,1
08000831,46,17669158,4945686,5499014,790,1515123,736711,18,2,Services,Private limited,Property,East,3,Yes,25,20,Yes,0
08000832,50,15824315,1007804,6058253,788,1047254,481322,13,6,Manufacturing,Proprietorship,Deposit,South,5,Yes,13,5,Yes,1
08000833,28,10527443,7277442,5194160,574,3831347,47779,23,0,Retail,Private limited,None,West,4,No,23,14,No,0
08000834,31,18082612,6671547,5144012,564,164040,426782,7,5,Agriculture,Partnership,None,South,7,Yes,24,0,Yes,1
08000835,65,9326324,6295857,4797580,627,1272945,36546,6,5,Services,Partnership,Deposit,North,8,No,24,16,No,1
08000836,43,31271882,4089003,3311357,768,1392205,88140,11,4,Services,Partnership,Deposit,North,5,Yes,16,13,No,1
08000837,26,7175506,6382981,3047757,679,1820366,811034,0,7,Manufacturing,Partnership,Deposit,South,0,No,1,19,Yes,1
08000838,58,19487033,3829627,4500515,605,3910532,517722,0,2,Services,Partnership,None,West,6,Yes,17,23,Yes,1
08000839,68,26281569,2510347,579602,708,713551,-64328,5,1,Retail,Partnership,Property,East,8,No,7,19,No,1
08000840,63,28506425,762651,2580960,763,2836237,231076,23,5,Retail,Private limited,Deposit,West,6,No,23,24,No,1
08000841,25,34924235,6467932,5456625,773,2258960,508160,1,2,Manufacturing,Proprietorship,Property,North,4,Yes,16,20,No,0
08000842,42,16775430,1757905,7409775,800,2572148,46227,19,4,Agriculture,Proprietorship,Deposit,West,0,Yes,5,17,No,1
08000843,66,20382332,3978852,6012834,649,2993954,815200,7,7,Agriculture,Partnership,Deposit,East,4,No,18,9,No,1
08000844,65,11205926,2429216,5057148,626,3191831,479139,12,7,Agriculture,Private limited,None,West,4,No,14,17,No,1
08000845,34,29488832,6613618,4782062,729,20773,810781,22,0,Retail,Partnership,Property,West,1,No,20,1,Yes,0
08000846,64,14341463,2301528,6443384,767,808673,6791,18,4,Retail,Proprietorship,Deposit,South,3,Yes,24,7,No,1
08000847,45,10645689,5421186,5535401,619,1893836,470141,22,4,Services,Partnership,Property,South,6,No,2,8,No,0
08000848,53,6505339,4857503,2702646,641,1749067,172767,25,1,Manufacturing,Partnership,Property,North,1,No,8,9,No,0
08000849,42,10108770,3495025,3057612,719,3059038,23312,5,1,Manufacturing,Partnership,Deposit,North,8,No,4,20,No,0
08000850,68,11400794,3516424,1913883,643,353366,323640,25,2,Retail,Partnership,Property,West,8,No,17,20,Yes,1
08000851,46,28845352,1209667,2984802,769,1738292,197841,11,3,Agriculture,Partnership,Property,East,5,Yes,12,6,Yes,1
08000852,68,9182560,5389159,6011926,818,2411200,260636,12,4,Manufacturing,Proprietorship,Deposit,West,3,Yes,12,11,Yes,1
08000853,21,30798577,1184792,5631620,751,3556025,440410,14,4,Services,Proprietorship,None,East,4,Yes,12,24,Yes,0
08000854,52,5682514,1794238,6307245,655,3713566,420128,20,1,Manufacturing,Partnership,None,North,2,No,15,7,No,0
08000855,66,20124131,7002019,2942691,748,1580736,837132,23,1,Manufacturing,Private limited,None,North,6,No,14,9,Yes,1
08000856,48,27435490,4912710,2931088,631,3608203,371492,17,5,Services,Private limited,Deposit,North,8,No,20,14,Yes,0
08000857,38,9249383,6216696,5966920,771,2316017,379201,4,0,Agriculture,Private limited,Deposit,West,7,Yes,25,9,No,0
08000858,29,24056020,4215078,7521327,671,2046453,84959,17,2,Manufacturing,Proprietorship,Deposit,North,8,No,24,4,Yes,1
08000859,60,4578901,4776154,4004979,634,280057,120829,23,1,Retail,Private limited,None,South,0,No,15,22,Yes,0
08000860,24,29422287,5388600,4803983,777,1702110,765535,1,5,Manufacturing,Proprietorship,None,South,3,No,0,9,Yes,1
08000861,25,14854312,838091,6970217,685,2839527,262736,19,4,Services,Proprietorship,None,East,0,No,6,0,No,0
08000862,60,12774800,3046779,5992456,773,2184838,89205,14,6,Manufacturing,Proprietorship,None,South,4,No,3,20,No,0
08000863,44,20150929,5583245,5787114,816,30699,703168,16,7,Agriculture,Private limited,Deposit,East,6,No,10,10,Yes,1
08000864,40,11108748,1703191,6542886,762,1978157,565891,22,2,Agriculture,Private limited,Deposit,North,4,Yes,13,24,No,1
08000865,42,33314330,2875654,3826646,636,2473003,142304,1,7,Agriculture,Proprietorship,None,East,1,Yes,9,14,No,1
08000866,23,18852352,5886843,2063245,794,343780,17492,20,2,Retail,Partnership,Property,West,2,No,0,0,Yes,1
08000867,50,9341742,1121968,5504846,677,1872186,-41689,8,4,Retail,Proprietorship,None,West,8,No,4,14,Yes,0
08000868,56,21309801,1469861,2057968,488,1788061,434553,21,2,Services,Private limited,None,South,0,No,15,22,No,0
08000869,46,21375526,3377510,1624475,499,126865,131494,13,3,Services,Private limited,None,West,5,Yes,9,9,No,1
08000870,56,34580758,2507658,7913358,772,717219,674954,25,7,Manufacturing,Private limited,None,East,8,Yes,4,9,Yes,1
08000871,22,18702201,2780972,7742626,597,2309550,334057,4,1,Agriculture,Proprietorship,Deposit,East,3,No,21,5,No,0
08000872,44,6437259,6499789,7462439,713,2882213,554772,23,1,Manufacturing,Proprietorship,Deposit,South,5,Yes,6,10,Yes,0
08000873,56,12702278,3887181,6634335,503,3992383,418281,12,0,Agriculture,Partnership,Deposit,East,0,Yes,7,5,No,0
08000874,23,33982476,123057,5750857,641,3734211,654357,14,3,Manufacturing,Private limited,Deposit,South,8,No,13,25,Yes,0
08000875,30,12476941,4199703,5366756,819,1713334,339926,1,6,Retail,Partnership,None,East,2,Yes,15,10,No,1
08000876,21,17570495,3975623,1455472,645,1401994,767785,18,4,Retail,Proprietorship,Deposit,North,6,Yes,8,5,Yes,0
08000877,64,23917483,1874750,1028587,743,1608417,655118,20,0,Manufacturing,Partnership,Property,South,3,Yes,22,20,No,0
08000878,49,31485047,7542590,5190170,540,230490,-7963,18,2,Services,Partnership,Deposit,East,6,Yes,13,15,Yes,0
08000879,63,13560040,5947222,6328993,824,3903364,739506,11,6,Services,Private limited,Deposit,North,2,No,17,15,Yes,1
08000880,43,15030475,7789359,3783340,515,2755984,246924,9,0,Retail,Partnership,Deposit,South,4,No,5,21,Yes,0
08000881,28,8545424,5442855,3050512,633,2294602,-53591,15,2,Agriculture,Partnership,None,North,1,No,15,8,No,0
08000882,45,24409540,1998112,5374506,558,791380,249678,23,6,Manufacturing,Proprietorship,None,East,1,Yes,15,6,Yes,1
08000883,21,14572113,1771181,2946697,832,1274470,514316,5,4,Manufacturing,Partnership,Deposit,West,1,No,7,19,Yes,1
08000884,51,11293710,5975774,6408816,526,1157393,529593,9,4,Services,Proprietorship,None,South,3,No,2,3,No,1
08000885,57,10668834,3197828,6785748,833,1870884,-54114,15,3,Manufacturing,Proprietorship,Deposit,West,6,No,21,21,No,0
08000886,55,11754775,5204552,7453457,528,3316783,-59369,1,1,Services,Partnership,Property,West,2,No,13,24,Yes,0
08000887,46,28586235,3409005,2860813,578,119610,588434,15,4,Manufacturing,Private limited,None,South,6,No,5,1,No,1
08000888,42,30932269,1241402,727167,710,3315584,627476,22,5,Retail,Partnership,Property,North,6,No,25,25,No,1
08000889,28,3555640,-151655,5508930,524,150032,536842,16,0,Retail,Proprietorship,Property,North,1,No,6,23,No,0
08000890,64,4559587,7348080,4111641,648,3576958,64942,7,0,Services,Proprietorship,Deposit,West,7,Yes,11,21,No,1
08000891,48,12652504,6609387,5352780,779,2738876,570833,2,7,Agriculture,Partnership,None,South,5,No,0,7,Yes,1
08000892,21,19046772,-28384,5715292,676,2065849,785027,20,6,Agriculture,Partnership,None,East,3,Yes,17,15,No,0
08000893,25,20826024,2696516,1419694,701,1047069,350060,7,3,Agriculture,Partnership,Property,North,3,Yes,17,14,No,1
08000894,41,33554320,4617849,3251770,553,3416820,398146,15,4,Agriculture,Partnership,Property,East,8,No,23,20,No,1
08000895,30,13224665,4884316,4610250,634,3885485,821065,2,6,Manufacturing,Proprietorship,None,East,8,Yes,16,17,Yes,1
08000896,32,21433172,-70627,3127920,523,3256667,274452,12,6,Agriculture,Proprietorship,Deposit,East,0,No,5,11,Yes,0
08000897,65,31709243,5096021,4062225,717,319124,637663,0,0,Services,Private limited,Property,East,4,Yes,18,25,No,1
08000898,31,23025330,7106839,5130653,577,1595647,365244,7,4,Agriculture,Partnership,None,West,2,Yes,12,15,No,1
08000899,65,4140394,6692368,1540746,575,3202532,250048,9,0,Services,Private limited,None,West,1,No,15,18,Yes,1
08000900,38,10467612,6060384,2298742,699,3687775,749217,21,5,Manufacturing,Proprietorship,Property,East,0,No,25,5,Yes,0
08000901,62,7444750,6855667,808231,774,1057213,321942,23,7,Retail,Partnership,None,East,2,No,14,22,No,1
08000902,21,29576368,6159130,7067826,571,489209,814077,18,5,Manufacturing,Private limited,Deposit,East,3,No,5,5,No,1
08000903,22,14724731,5017463,3250609,651,3463620,-73758,16,1,Retail,Private limited,None,East,3,No,4,25,Yes,1
08000904,65,22310810,976018,6337158,490,1180659,159068,0,1,Agriculture,Private limited,Deposit,East,8,Yes,2,18,Yes,0
08000905,65,19277219,5389667,6534332,746,1853356,-33438,16,4,Services,Proprietorship,Deposit,East,2,No,2,3,Yes,1
08000906,64,12756686,84526,7104018,809,75433,561126,5,4,Agriculture,Partnership,Property,West,0,Yes,5,0,No,0
08000907,48,4388899,651414,1526832,649,2848140,838098,8,0,Retail,Private limited,Deposit,North,5,No,15,10,No,0
08000908,41,34895355,3146250,5199619,514,2725796,535145,5,6,Services,Private limited,None,East,0,No,4,17,Yes,0
08000909,67,28043240,7106118,6974850,738,3138881,668200,5,6,Agriculture,Partnership,Deposit,North,5,No,13,21,No,1
08000910,25,1294389,2068695,5775231,636,2157325,330003,4,1,Agriculture,Proprietorship,None,East,6,No,15,19,Yes,0
08000911,29,5061948,889898,3544221,591,1122051,455215,4,2,Retail,Private limited,Property,North,7,No,21,7,No,0
08000912,54,1882585,34451,5466493,718,351364,143837,2,0,Retail,Proprietorship,Property,South,0,Yes,20,19,Yes,0
08000913,58,15692125,5685930,7415306,840,3049741,-19867,3,7,Retail,Private limited,Deposit,North,4,No,0,15,No,1
08000914,51,16049071,697319,905818,613,1740312,647713,13,0,Agriculture,Private limited,Deposit,East,3,No,11,10,No,0
08000915,28,23726939,6062440,7737574,563,2447909,433887,11,4,Services,Private limited,None,West,2,No,22,19,Yes,0
08000916,63,22349688,5488410,6097828,498,649453,515775,16,4,Services,Partnership,None,South,1,Yes,14,6,Yes,0
08000917,52,30984843,5821629,377687,535,3255486,371628,11,5,Agriculture,Partnership,Deposit,South,0,No,25,4,No,0
08000918,52,31095355,4629887,4467050,779,1602691,312096,16,3,Agriculture,Proprietorship,Property,North,0,Yes,25,23,No,0
08000919,60,15680772,2526142,6300787,676,1860035,699815,16,4,Manufacturing,Proprietorship,Deposit,South,5,Yes,7,14,No,1
08000920,39,18340377,4273903,6777943,490,778942,357340,14,0,Manufacturing,Partnership,Deposit,East,0,Yes,5,12,Yes,0
08000921,52,10140347,3750989,7438713,570,3717586,842287,19,1,Agriculture,Proprietorship,Property,South,2,Yes,20,25,No,0
08000922,69,33949032,7822423,1753678,823,146390,-9017,6,5,Agriculture,Private limited,Deposit,East,6,Yes,0,21,Yes,1
08000923,37,16399866,5844454,6164109,496,3770633,94067,7,6,Manufacturing,Proprietorship,None,East,1,Yes,25,9,Yes,0
08000924,44,9427092,5700046,1259745,570,3653452,152688,21,4,Retail,Partnership,None,East,2,Yes,17,14,No,0
08000925,49,12159359,-123980,6985122,604,3201346,365641,24,4,Services,Private limited,Property,East,8,Yes,10,14,Yes,0
08000926,23,9178868,175457,4687361,641,1030746,804195,24,0,Services,Proprietorship,Property,South,7,Yes,5,6,No,0
08000927,56,13907373,2525102,1244052,528,892974,77454,0,4,Retail,Private limited,Property,West,4,No,10,24,Yes,0
08000928,53,33748064,2436598,909378,661,79056,303441,22,2,Retail,Private limited,Deposit,South,2,Yes,4,12,Yes,1
08000929,58,27978532,2872824,931738,702,2101284,335505,4,3,Agriculture,Partnership,Deposit,East,5,Yes,25,14,No,1
08000930,55,2031209,7169669,2413275,488,400936,122692,23,2,Manufacturing,Partnership,None,West,7,No,9,21,Yes,0
08000931,59,24297642,355835,6548366,486,2188319,677375,6,3,Agriculture,Proprietorship,Deposit,South,3,Yes,2,5,No,1
08000932,65,34034427,1879329,1482325,510,3251125,382292,1,5,Manufacturing,Proprietorship,Property,South,6,No,0,20,No,0
08000933,66,1625096,7679462,4819100,826,953987,328536,19,4,Manufacturing,Proprietorship,Deposit,East,4,Yes,25,9,No,1
08000934,67,21288718,2470456,1174195,537,3634825,56366,25,2,Services,Private limited,Deposit,West,4,No,10,4,No,0
08000935,48,24082863,4615877,6664934,558,3756562,504191,12,1,Manufacturing,Partnership,Deposit,South,0,Yes,24,23,Yes,0
08000936,47,10876091,7268350,3683054,480,1232646,589608,15,4,Agriculture,Partnership,Deposit,West,2,No,12,1,Yes,0
08000937,46,7814307,2680403,3139790,687,3784883,60855,22,5,Agriculture,Partnership,Deposit,South,3,Yes,16,9,Yes,0
08000938,24,4398252,106662,3551404,778,2626108,525545,15,2,Services,Proprietorship,Deposit,North,2,Yes,2,23,Yes,0
08000939,63,17152646,5327958,7846650,528,3700502,642292,5,2,Agriculture,Partnership,None,South,8,No,13,18,No,1
08000940,23,8783440,6807618,651391,631,756286,377804,19,0,Services,Partnership,None,East,3,Yes,15,19,Yes,0
08000941,46,26564984,3552436,2970711,514,2886513,796502,7,5,Agriculture,Partnership,Deposit,North,8,No,1,13,No,1
08000942,67,28934572,2573972,3463952,673,3817792,343777,15,2,Manufacturing,Partnership,None,West,3,Yes,3,6,Yes,0
08000943,60,20555708,7694898,6463297,550,2585232,801071,18,6,Manufacturing,Private limited,None,East,0,No,21,7,No,1
08000944,27,8214826,3644924,3817914,596,1777807,611178,3,0,Manufacturing,Proprietorship,None,South,0,No,15,25,Yes,0
08000945,31,28067353,3531683,2008375,510,2309118,645936,6,2,Agriculture,Private limited,None,South,8,No,25,14,No,0
08000946,67,24126315,4645657,7892372,504,917915,163506,5,1,Manufacturing,Private limited,Property,North,6,No,14,15,No,0
08000947,59,19221505,4127127,6435825,834,1271865,-63754,22,7,Agriculture,Partnership,Property,East,4,No,2,4,Yes,1
08000948,67,10542943,3825169,3155728,516,3573718,685050,5,3,Manufacturing,Partnership,Deposit,West,1,No,15,22,No,0
08000949,46,19373630,2804775,2760692,520,1737804,277291,7,3,Agriculture,Proprietorship,None,West,8,Yes,0,10,Yes,1
08000950,66,10608802,6620820,671689,706,3631821,148631,7,2,Retail,Private limited,Deposit,East,0,No,22,17,Yes,1
08000951,45,21261834,-137397,1351616,554,1344545,720226,14,0,Services,Partnership,Deposit,North,6,Yes,24,13,No,0
08000952,45,28178319,1924210,7657386,560,2810620,245749,1,6,Retail,Partnership,Property,East,4,No,8,4,Yes,1
08000953,39,22835343,1668106,4197980,531,2862257,697950,20,2,Retail,Partnership,Deposit,East,0,No,21,13,No,0
08000954,37,25182938,7500030,5412561,786,506028,282151,22,2,Manufacturing,Partnership,Property,North,8,No,12,9,No,0
08000955,60,19875186,3855599,4550004,684,3745601,471114,9,5,Retail,Proprietorship,None,West,0,Yes,18,12,No,0
08000956,39,31366265,5521356,7464717,552,292319,327058,22,0,Retail,Private limited,None,North,7,Yes,8,18,No,0
08000957,24,10868621,1815469,2032920,508,1623606,52789,6,3,Agriculture,Proprietorship,None,South,5,Yes,16,19,No,0
08000958,64,16457065,2182649,4892762,758,3954819,742480,7,0,Retail,Proprietorship,Property,East,5,Yes,1,16,No,0
08000959,60,9197634,5418664,5444068,740,454221,236399,7,4,Manufacturing,Proprietorship,Property,West,8,No,2,2,Yes,1
08000960,41,11505196,1576832,5593673,723,2195658,703229,8,3,Services,Partnership,Deposit,North,4,Yes,20,22,Yes,0
08000961,38,23724216,-236349,2044027,694,469678,719060,7,5,Agriculture,Private limited,Property,West,7,Yes,22,22,No,1
08000962,63,11533651,7262410,3623270,725,3414554,258036,6,2,Manufacturing,Partnership,Property,West,0,No,21,12,No,1
08000963,26,28140298,3040908,6831827,490,1867217,259983,11,3,Services,Proprietorship,None,East,0,Yes,2,11,No,0
08000964,46,17529130,282977,1134112,706,2510053,478757,17,0,Services,Partnership,Deposit,North,6,Yes,13,17,No,1
08000965,60,12249722,2908723,722192,826,114464,342828,4,3,Services,Proprietorship,None,South,0,Yes,10,21,No,1
08000966,32,19919524,5225736,7813875,613,2171633,291944,16,3,Retail,Proprietorship,Property,South,4,No,24,16,No,1
08000967,56,14725867,6983384,7856530,819,3540878,731381,14,5,Services,Proprietorship,Deposit,North,5,No,15,24,No,1
08000968,37,11971055,5344698,3489215,758,2552277,319122,14,7,Retail,Proprietorship,Property,East,2,No,17,14,No,0
08000969,64,11108950,4219901,7133704,827,1081706,576876,16,1,Agriculture,Proprietorship,Property,West,5,Yes,11,11,No,1
08000970,25,1986477,3801785,1117724,738,198441,826675,10,5,Retail,Private limited,Property,South,2,No,4,24,No,0
08000971,58,14048927,2280231,5807893,844,94657,700659,20,6,Manufacturing,Private limited,None,South,6,Yes,9,11,Yes,1
08000972,55,14462165,1350319,7395955,685,1250287,722136,11,4,Agriculture,Private limited,None,East,3,Yes,7,6,Yes,1
08000973,32,1282656,6099841,2249979,839,2745694,550338,24,6,Agriculture,Partnership,Deposit,South,2,Yes,9,7,No,1
08000974,28,7729353,2679587,1483298,731,2056901,577287,3,5,Agriculture,Proprietorship,Property,South,6,Yes,14,13,No,1
08000975,44,3621109,783006,1922126,620,124909,68922,23,6,Services,Proprietorship,Property,North,3,Yes,17,9,Yes,1
08000976,48,27429884,4346383,7938073,481,3614195,504383,13,1,Manufacturing,Private limited,Property,East,6,Yes,8,6,No,0
08000977,22,12227792,5592646,7322428,524,2749708,314333,10,4,Retail,Private limited,Property,North,7,Yes,23,11,Yes,0
08000978,53,13221868,2700692,7547830,673,126727,357280,11,2,Agriculture,Proprietorship,None,East,4,No,2,5,No,0
08000979,34,3629857,5395141,3275533,789,1290787,-74640,15,6,Manufacturing,Partnership,None,North,4,No,4,8,Yes,1
08000980,48,24789132,6924610,2132306,751,2153321,141173,1,3,Agriculture,Proprietorship,Property,East,5,Yes,18,8,No,1
08000981,57,18978565,2032984,4137690,501,1030743,737191,25,2,Services,Private limited,Property,West,4,Yes,20,4,No,0
08000982,40,3689199,1185905,6775432,567,1589027,644524,23,2,Agriculture,Private limited,None,South,7,Yes,13,15,Yes,0
08000983,57,31309443,1422456,3033347,591,3063220,533450,10,3,Retail,Private limited,Deposit,South,5,Yes,10,8,No,0
08000984,67,29562299,2233865,360861,827,3278049,335064,8,6,Retail,Partnership,Property,East,4,Yes,20,19,No,1
08000985,38,22335794,4669,6804645,746,2989775,809275,23,0,Retail,Private limited,Deposit,West,7,Yes,4,13,No,0
08000986,56,16087487,2470264,2417606,640,1016086,369957,1,6,Manufacturing,Proprietorship,Property,South,6,Yes,11,8,No,0
08000987,48,27673446,3003942,2953137,512,1432855,108425,3,6,Manufacturing,Private limited,Property,South,0,No,3,4,Yes,0
08000988,41,34596164,6537394,5673303,674,2651933,794951,18,6,Retail,Private limited,Property,North,8,No,12,25,Yes,1
08000989,55,10523393,5632528,6569572,595,1377712,439767,21,6,Manufacturing,Proprietorship,None,North,2,Yes,0,24,Yes,0
08000990,44,34154517,1674418,655204,494,1587325,843240,9,1,Manufacturing,Private limited,Property,North,7,No,18,3,Yes,1
08000991,47,17916073,6288738,6890958,721,2601900,731631,6,1,Services,Private limited,Deposit,West,8,No,18,18,No,1
08000992,48,33076683,5592213,2955657,638,3322230,105767,25,5,Services,Partnership,Deposit,West,8,Yes,7,11,Yes,1
08000993,45,21691378,7137332,343630,625,3557035,174697,5,7,Agriculture,Proprietorship,Property,North,5,Yes,5,1,Yes,0
08000994,55,6450495,4295130,616762,686,1815238,261224,7,7,Agriculture,Proprietorship,None,South,0,No,20,15,No,1
08000995,58,10466360,1501986,7860702,626,2066877,313358,6,3,Services,Partnership,Property,North,6,No,10,21,Yes,0
08000996,45,30659434,5789446,4040987,611,3693989,585056,4,5,Retail,Partnership,None,West,3,Yes,23,22,Yes,1
08000997,24,13373508,5188530,7244543,559,2559740,803569,19,1,Agriculture,Proprietorship,Property,West,7,Yes,10,19,Yes,0
08000998,41,24674642,-86646,1341581,504,3014977,367913,9,4,Agriculture,Proprietorship,None,East,3,No,4,21,No,1
08000999,65,25596621,1905842,5639909,847,1220084,232345,3,2,Manufacturing,Proprietorship,None,South,2,No,24,25,Yes,1
08001000,62,11047802,1138133,1402868,715,202017,450509,20,0,Agriculture,Partnership,Deposit,South,3,No,18,15,No,1
